Name,Year,State,Party,Race,Gender
Guy Hunt,1990,Alabama,Republican,White,Male
Jim Folsom Jr.,1991,Alabama,Democratic,White,Male
Jim Folsom Jr.,1992,Alabama,Democratic,White,Male
Jim Folsom Jr.,1993,Alabama,Democratic,White,Male
Jim Folsom Jr.,1994,Alabama,Democratic,White,Male
Fob James,1995,Alabama,Republican,White,Male
Fob James,1996,Alabama,Republican,White,Male
Fob James,1997,Alabama,Republican,White,Male
Fob James,1998,Alabama,Republican,White,Male
Don Siegelman,1999,Alabama,Democratic,White,Male
Don Siegelman,2000,Alabama,Democratic,White,Male
Don Siegelman,2001,Alabama,Democratic,White,Male
Don Siegelman,2002,Alabama,Democratic,White,Male
Bob Riley,2003,Alabama,Republican,White,Male
Bob Riley,2004,Alabama,Republican,White,Male
Bob Riley,2005,Alabama,Republican,White,Male
Bob Riley,2006,Alabama,Republican,White,Male
Bob Riley,2007,Alabama,Republican,White,Male
Bob Riley,2008,Alabama,Republican,White,Male
Bob Riley,2009,Alabama,Republican,White,Male
Bob Riley,2010,Alabama,Republican,White,Male
Robert Bentley,2011,Alabama,Republican,White,Male
Robert Bentley,2012,Alabama,Republican,White,Male
Robert Bentley,2013,Alabama,Republican,White,Male
Robert Bentley,2014,Alabama,Republican,White,Male
Robert Bentley,2015,Alabama,Republican,White,Male
Robert Bentley,2016,Alabama,Republican,White,Male
Robert Bentley,2017,Alabama,Republican,White,Male
Kay Ivey,2017,Alabama,Republican,White,Female
Kay Ivey,2018,Alabama,Republican,White,Female
Kay Ivey,2019,Alabama,Republican,White,Female
Kay Ivey,2020,Alabama,Republican,White,Female
Kay Ivey,2021,Alabama,Republican,White,Female
Kay Ivey,2022,Alabama,Republican,White,Female
Kay Ivey,2023,Alabama,Republican,White,Female
Kay Ivey,2024,Alabama,Republican,White,Female
Steve Cowper,1990,Alaska,Democratic,White,Male
Wally Hickel,1991,Alaska,Alaskan Independence/Republican,White,Male
Wally Hickel,1992,Alaska,Alaskan Independence/Republican,White,Male
Wally Hickel,1993,Alaska,Alaskan Independence/Republican,White,Male
Wally Hickel,1994,Alaska,Alaskan Independence/Republican,White,Male
Tony Knowles,1995,Alaska,Democratic,White,Male
Tony Knowles,1996,Alaska,Democratic,White,Male
Tony Knowles,1997,Alaska,Democratic,White,Male
Tony Knowles,1998,Alaska,Democratic,White,Male
Tony Knowles,1999,Alaska,Democratic,White,Male
Tony Knowles,2000,Alaska,Democratic,White,Male
Tony Knowles,2001,Alaska,Democratic,White,Male
Tony Knowles,2002,Alaska,Democratic,White,Male
Frank Murkowski,2003,Alaska,Republican,White,Male
Frank Murkowski,2004,Alaska,Republican,White,Male
Frank Murkowski,2005,Alaska,Republican,White,Male
Frank Murkowski,2006,Alaska,Republican,White,Male
Sarah Palin,2007,Alaska,Republican,White,Female
Sarah Palin,2008,Alaska,Republican,White,Female
Sarah Palin,2009,Alaska,Republican,White,Female
Sean Parnell,2009,Alaska,Republican,White,Male
Sean Parnell,2010,Alaska,Republican,White,Male
Sean Parnell,2011,Alaska,Republican,White,Male
Sean Parnell,2012,Alaska,Republican,White,Male
Sean Parnell,2013,Alaska,Republican,White,Male
Sean Parnell,2014,Alaska,Republican,White,Male
Bill Walker,2014,Alaska,Independent,White,Male
Bill Walker,2015,Alaska,Independent,White,Male
Bill Walker,2016,Alaska,Independent,White,Male
Bill Walker,2017,Alaska,Independent,White,Male
Bill Walker,2018,Alaska,Independent,White,Male
Mike Dunleavy,2018,Alaska,Republican,White,Male
Mike Dunleavy,2019,Alaska,Republican,White,Male
Mike Dunleavy,2020,Alaska,Republican,White,Male
Mike Dunleavy,2021,Alaska,Republican,White,Male
Mike Dunleavy,2022,Alaska,Republican,White,Male
Mike Dunleavy,2023,Alaska,Republican,White,Male
Mike Dunleavy,2024,Alaska,Republican,White,Male
Rose Mofford,1990,Arizona,Democratic,White,Female
Fife Symington,1991,Arizona,Republican,White,Male
Fife Symington,1992,Arizona,Republican,White,Male
Fife Symington,1993,Arizona,Republican,White,Male
Fife Symington,1994,Arizona,Republican,White,Male
Fife Symington,1995,Arizona,Republican,White,Male
Fife Symington,1996,Arizona,Republican,White,Male
Fife Symington,1997,Arizona,Republican,White,Male
Jane Dee Hull,1997,Arizona,Republican,White,Female
Jane Dee Hull,1998,Arizona,Republican,White,Female
Jane Dee Hull,1999,Arizona,Republican,White,Female
Jane Dee Hull,2000,Arizona,Republican,White,Female
Jane Dee Hull,2001,Arizona,Republican,White,Female
Jane Dee Hull,2002,Arizona,Republican,White,Female
Janet Napolitano,2003,Arizona,Democratic,White,Female
Janet Napolitano,2004,Arizona,Democratic,White,Female
Janet Napolitano,2005,Arizona,Democratic,White,Female
Janet Napolitano,2006,Arizona,Democratic,White,Female
Janet Napolitano,2007,Arizona,Democratic,White,Female
Janet Napolitano,2008,Arizona,Democratic,White,Female
Jan Brewer,2009,Arizona,Republican,White,Female
Jan Brewer,2010,Arizona,Republican,White,Female
Jan Brewer,2011,Arizona,Republican,White,Female
Jan Brewer,2012,Arizona,Republican,White,Female
Jan Brewer,2013,Arizona,Republican,White,Female
Jan Brewer,2014,Arizona,Republican,White,Female
Doug Ducey,2015,Arizona,Republican,White,Male
Doug Ducey,2016,Arizona,Republican,White,Male
Doug Ducey,2017,Arizona,Republican,White,Male
Doug Ducey,2018,Arizona,Republican,White,Male
Doug Ducey,2019,Arizona,Republican,White,Male
Doug Ducey,2020,Arizona,Republican,White,Male
Doug Ducey,2021,Arizona,Republican,White,Male
Doug Ducey,2022,Arizona,Republican,White,Male
Katie Hobbs,2023,Arizona,Democratic,White,Female
Katie Hobbs,2024,Arizona,Democratic,White,Female
Bill Clinton,1990,Arkansas,Democratic,White,Male
Jim Guy Tucker,1991,Arkansas,Democratic,White,Male
Jim Guy Tucker,1992,Arkansas,Democratic,White,Male
Jim Guy Tucker,1993,Arkansas,Democratic,White,Male
Jim Guy Tucker,1994,Arkansas,Democratic,White,Male
Jim Guy Tucker,1995,Arkansas,Democratic,White,Male
Mike Huckabee,1996,Arkansas,Republican,White,Male
Mike Huckabee,1997,Arkansas,Republican,White,Male
Mike Huckabee,1998,Arkansas,Republican,White,Male
Mike Huckabee,1999,Arkansas,Republican,White,Male
Mike Huckabee,2000,Arkansas,Republican,White,Male
Mike Huckabee,2001,Arkansas,Republican,White,Male
Mike Huckabee,2002,Arkansas,Republican,White,Male
Mike Huckabee,2003,Arkansas,Republican,White,Male
Mike Huckabee,2004,Arkansas,Republican,White,Male
Mike Huckabee,2005,Arkansas,Republican,White,Male
Mike Huckabee,2006,Arkansas,Republican,White,Male
Mike Beebe,2007,Arkansas,Democratic,White,Male
Mike Beebe,2008,Arkansas,Democratic,White,Male
Mike Beebe,2009,Arkansas,Democratic,White,Male
Mike Beebe,2010,Arkansas,Democratic,White,Male
Mike Beebe,2011,Arkansas,Democratic,White,Male
Mike Beebe,2012,Arkansas,Democratic,White,Male
Mike Beebe,2013,Arkansas,Democratic,White,Male
Mike Beebe,2014,Arkansas,Democratic,White,Male
Asa Hutchinson,2015,Arkansas,Republican,White,Male
Asa Hutchinson,2016,Arkansas,Republican,White,Male
Asa Hutchinson,2017,Arkansas,Republican,White,Male
Asa Hutchinson,2018,Arkansas,Republican,White,Male
Asa Hutchinson,2019,Arkansas,Republican,White,Male
Asa Hutchinson,2020,Arkansas,Republican,White,Male
Asa Hutchinson,2021,Arkansas,Republican,White,Male
Asa Hutchinson,2022,Arkansas,Republican,White,Male
Sarah Huckabee Sanders,2023,Arkansas,Republican,White,Female
Sarah Huckabee Sanders,2024,Arkansas,Republican,White,Female
George Deukmejian,1990,California,Republican,White,Male
Pete Wilson,1991,California,Republican,White,Male
Pete Wilson,1992,California,Republican,White,Male
Pete Wilson,1993,California,Republican,White,Male
Pete Wilson,1994,California,Republican,White,Male
Pete Wilson,1995,California,Republican,White,Male
Pete Wilson,1996,California,Republican,White,Male
Pete Wilson,1997,California,Republican,White,Male
Pete Wilson,1998,California,Republican,White,Male
Gray Davis,1999,California,Democratic,White,Male
Gray Davis,2000,California,Democratic,White,Male
Gray Davis,2001,California,Democratic,White,Male
Gray Davis,2002,California,Democratic,White,Male
Gray Davis,2003,California,Democratic,White,Male
Arnold Schwarzenegger,2003,California,Republican,White,Male
Arnold Schwarzenegger,2004,California,Republican,White,Male
Arnold Schwarzenegger,2005,California,Republican,White,Male
Arnold Schwarzenegger,2006,California,Republican,White,Male
Arnold Schwarzenegger,2007,California,Republican,White,Male
Arnold Schwarzenegger,2008,California,Republican,White,Male
Arnold Schwarzenegger,2009,California,Republican,White,Male
Arnold Schwarzenegger,2010,California,Republican,White,Male
Jerry Brown,2011,California,Democratic,White,Male
Jerry Brown,2012,California,Democratic,White,Male
Jerry Brown,2013,California,Democratic,White,Male
Jerry Brown,2014,California,Democratic,White,Male
Jerry Brown,2015,California,Democratic,White,Male
Jerry Brown,2016,California,Democratic,White,Male
Jerry Brown,2017,California,Democratic,White,Male
Jerry Brown,2018,California,Democratic,White,Male
Gavin Newsom,2019,California,Democratic,White,Male
Gavin Newsom,2020,California,Democratic,White,Male
Gavin Newsom,2021,California,Democratic,White,Male
Gavin Newsom,2022,California,Democratic,White,Male
Gavin Newsom,2023,California,Democratic,White,Male
Gavin Newsom,2024,California,Democratic,White,Male
Roy Romer,1990,Colorado,Democratic,White,Male
Roy Romer,1991,Colorado,Democratic,White,Male
Roy Romer,1992,Colorado,Democratic,White,Male
Roy Romer,1993,Colorado,Democratic,White,Male
Roy Romer,1994,Colorado,Democratic,White,Male
Roy Romer,1995,Colorado,Democratic,White,Male
Roy Romer,1996,Colorado,Democratic,White,Male
Roy Romer,1997,Colorado,Democratic,White,Male
Roy Romer,1998,Colorado,Democratic,White,Male
Bill Owens,1999,Colorado,Republican,White,Male
Bill Owens,2000,Colorado,Republican,White,Male
Bill Owens,2001,Colorado,Republican,White,Male
Bill Owens,2002,Colorado,Republican,White,Male
Bill Owens,2003,Colorado,Republican,White,Male
Bill Owens,2004,Colorado,Republican,White,Male
Bill Owens,2005,Colorado,Republican,White,Male
Bill Owens,2006,Colorado,Republican,White,Male
Bill Ritter,2007,Colorado,Democratic,White,Male
Bill Ritter,2008,Colorado,Democratic,White,Male
Bill Ritter,2009,Colorado,Democratic,White,Male
Bill Ritter,2010,Colorado,Democratic,White,Male
John Hickenlooper,2011,Colorado,Democratic,White,Male
John Hickenlooper,2012,Colorado,Democratic,White,Male
John Hickenlooper,2013,Colorado,Democratic,White,Male
John Hickenlooper,2014,Colorado,Democratic,White,Male
John Hickenlooper,2015,Colorado,Democratic,White,Male
John Hickenlooper,2016,Colorado,Democratic,White,Male
John Hickenlooper,2017,Colorado,Democratic,White,Male
John Hickenlooper,2018,Colorado,Democratic,White,Male
Jared Polis,2019,Colorado,Democratic,White,Male
Jared Polis,2020,Colorado,Democratic,White,Male
Jared Polis,2021,Colorado,Democratic,White,Male
Jared Polis,2022,Colorado,Democratic,White,Male
Jared Polis,2023,Colorado,Democratic,White,Male
Jared Polis,2024,Colorado,Democratic,White,Male
William O'Neill,1990,Connecticut,Democratic,White,Male
Lowell P. Weicker Jr.,1991,Connecticut,A Connecticut Party,White,Male
Lowell P. Weicker Jr.,1992,Connecticut,A Connecticut Party,White,Male
Lowell P. Weicker Jr.,1993,Connecticut,A Connecticut Party,White,Male
Lowell P. Weicker Jr.,1994,Connecticut,A Connecticut Party,White,Male
John G. Rowland,1995,Connecticut,Republican,White,Male
John G. Rowland,1996,Connecticut,Republican,White,Male
John G. Rowland,1997,Connecticut,Republican,White,Male
John G. Rowland,1998,Connecticut,Republican,White,Male
John G. Rowland,1999,Connecticut,Republican,White,Male
John G. Rowland,2000,Connecticut,Republican,White,Male
John G. Rowland,2001,Connecticut,Republican,White,Male
John G. Rowland,2002,Connecticut,Republican,White,Male
John G. Rowland,2003,Connecticut,Republican,White,Male
John G. Rowland,2004,Connecticut,Republican,White,Male
M. Jodi Rell,2004,Connecticut,Republican,White,Female
M. Jodi Rell,2005,Connecticut,Republican,White,Female
M. Jodi Rell,2006,Connecticut,Republican,White,Female
M. Jodi Rell,2007,Connecticut,Republican,White,Female
M. Jodi Rell,2008,Connecticut,Republican,White,Female
M. Jodi Rell,2009,Connecticut,Republican,White,Female
M. Jodi Rell,2010,Connecticut,Republican,White,Female
Dannel Malloy,2011,Connecticut,Democratic,White,Male
Dannel Malloy,2012,Connecticut,Democratic,White,Male
Dannel Malloy,2013,Connecticut,Democratic,White,Male
Dannel Malloy,2014,Connecticut,Democratic,White,Male
Dannel Malloy,2015,Connecticut,Democratic,White,Male
Dannel Malloy,2016,Connecticut,Democratic,White,Male
Dannel Malloy,2017,Connecticut,Democratic,White,Male
Dannel Malloy,2018,Connecticut,Democratic,White,Male
Ned Lamont,2019,Connecticut,Democratic,White,Male
Ned Lamont,2020,Connecticut,Democratic,White,Male
Ned Lamont,2021,Connecticut,Democratic,White,Male
Ned Lamont,2022,Connecticut,Democratic,White,Male
Ned Lamont,2023,Connecticut,Democratic,White,Male
Ned Lamont,2024,Connecticut,Democratic,White,Male
Michael Castle,1990,Delaware,Republican,White,Male
Michael Castle,1991,Delaware,Republican,White,Male
Michael Castle,1992,Delaware,Republican,White,Male
Michael Castle,1993,Delaware,Republican,White,Male
Thomas Carper,1993,Delaware,Democratic,White,Male
Thomas Carper,1994,Delaware,Democratic,White,Male
Thomas Carper,1995,Delaware,Democratic,White,Male
Thomas Carper,1996,Delaware,Democratic,White,Male
Thomas Carper,1997,Delaware,Democratic,White,Male
Thomas Carper,1998,Delaware,Democratic,White,Male
Thomas Carper,1999,Delaware,Democratic,White,Male
Thomas Carper,2000,Delaware,Democratic,White,Male
Ruth Ann Minner,2001,Delaware,Democratic,White,Female
Ruth Ann Minner,2002,Delaware,Democratic,White,Female
Ruth Ann Minner,2003,Delaware,Democratic,White,Female
Ruth Ann Minner,2004,Delaware,Democratic,White,Female
Ruth Ann Minner,2005,Delaware,Democratic,White,Female
Ruth Ann Minner,2006,Delaware,Democratic,White,Female
Ruth Ann Minner,2007,Delaware,Democratic,White,Female
Ruth Ann Minner,2008,Delaware,Democratic,White,Female
Jack Markell,2009,Delaware,Democratic,White,Male
Jack Markell,2010,Delaware,Democratic,White,Male
Jack Markell,2011,Delaware,Democratic,White,Male
Jack Markell,2012,Delaware,Democratic,White,Male
Jack Markell,2013,Delaware,Democratic,White,Male
Jack Markell,2014,Delaware,Democratic,White,Male
Jack Markell,2015,Delaware,Democratic,White,Male
Jack Markell,2016,Delaware,Democratic,White,Male
John Carney,2017,Delaware,Democratic,White,Male
John Carney,2018,Delaware,Democratic,White,Male
John Carney,2019,Delaware,Democratic,White,Male
John Carney,2020,Delaware,Democratic,White,Male
John Carney,2021,Delaware,Democratic,White,Male
John Carney,2022,Delaware,Democratic,White,Male
John Carney,2023,Delaware,Democratic,White,Male
John Carney,2024,Delaware,Democratic,White,Male
Bob Martinez,1990,Florida,Republican,Hispanic,Male
Lawton Chiles,1991,Florida,Democratic,White,Male
Lawton Chiles,1992,Florida,Democratic,White,Male
Lawton Chiles,1993,Florida,Democratic,White,Male
Lawton Chiles,1994,Florida,Democratic,White,Male
Lawton Chiles,1995,Florida,Democratic,White,Male
Lawton Chiles,1996,Florida,Democratic,White,Male
Lawton Chiles,1997,Florida,Democratic,White,Male
Buddy MacKay,1998,Florida,Democratic,White,Male
Jeb Bush,1999,Florida,Republican,White,Male
Jeb Bush,2000,Florida,Republican,White,Male
Jeb Bush,2001,Florida,Republican,White,Male
Jeb Bush,2002,Florida,Republican,White,Male
Jeb Bush,2003,Florida,Republican,White,Male
Jeb Bush,2004,Florida,Republican,White,Male
Jeb Bush,2005,Florida,Republican,White,Male
Jeb Bush,2006,Florida,Republican,White,Male
Charlie Crist,2007,Florida,Republican,White,Male
Charlie Crist,2008,Florida,Republican,White,Male
Charlie Crist,2009,Florida,Republican,White,Male
Charlie Crist,2010,Florida,Republican,White,Male
Rick Scott,2011,Florida,Republican,White,Male
Rick Scott,2012,Florida,Republican,White,Male
Rick Scott,2013,Florida,Republican,White,Male
Rick Scott,2014,Florida,Republican,White,Male
Rick Scott,2015,Florida,Republican,White,Male
Rick Scott,2016,Florida,Republican,White,Male
Rick Scott,2017,Florida,Republican,White,Male
Rick Scott,2018,Florida,Republican,White,Male
Ron DeSantis,2019,Florida,Republican,White,Male
Ron DeSantis,2020,Florida,Republican,White,Male
Ron DeSantis,2021,Florida,Republican,White,Male
Ron DeSantis,2022,Florida,Republican,White,Male
Ron DeSantis,2023,Florida,Republican,White,Male
Ron DeSantis,2024,Florida,Republican,White,Male
Joe Frank Harris,1990,Georgia,Democratic,White,Male
Zell Miller,1991,Georgia,Democratic,White,Male
Zell Miller,1992,Georgia,Democratic,White,Male
Zell Miller,1993,Georgia,Democratic,White,Male
Zell Miller,1994,Georgia,Democratic,White,Male
Zell Miller,1995,Georgia,Democratic,White,Male
Zell Miller,1996,Georgia,Democratic,White,Male
Zell Miller,1997,Georgia,Democratic,White,Male
Zell Miller,1998,Georgia,Democratic,White,Male
Roy Barnes,1999,Georgia,Democratic,White,Male
Roy Barnes,2000,Georgia,Democratic,White,Male
Roy Barnes,2001,Georgia,Democratic,White,Male
Roy Barnes,2002,Georgia,Democratic,White,Male
Sonny Perdue,2003,Georgia,Republican,White,Male
Sonny Perdue,2004,Georgia,Republican,White,Male
Sonny Perdue,2005,Georgia,Republican,White,Male
Sonny Perdue,2006,Georgia,Republican,White,Male
Sonny Perdue,2007,Georgia,Republican,White,Male
Sonny Perdue,2008,Georgia,Republican,White,Male
Sonny Perdue,2009,Georgia,Republican,White,Male
Sonny Perdue,2010,Georgia,Republican,White,Male
Nathan Deal,2011,Georgia,Republican,White,Male
Nathan Deal,2012,Georgia,Republican,White,Male
Nathan Deal,2013,Georgia,Republican,White,Male
Nathan Deal,2014,Georgia,Republican,White,Male
Nathan Deal,2015,Georgia,Republican,White,Male
Nathan Deal,2016,Georgia,Republican,White,Male
Nathan Deal,2017,Georgia,Republican,White,Male
Nathan Deal,2018,Georgia,Republican,White,Male
Brian Kemp,2019,Georgia,Republican,White,Male
Brian Kemp,2020,Georgia,Republican,White,Male
Brian Kemp,2021,Georgia,Republican,White,Male
Brian Kemp,2022,Georgia,Republican,White,Male
Brian Kemp,2023,Georgia,Republican,White,Male
Brian Kemp,2024,Georgia,Republican,White,Male
John Waihe?e,1990,Hawaii,Democratic,Native Hawaiian,Male
John Waihe?e,1991,Hawaii,Democratic,Native Hawaiian,Male
John Waihe?e,1992,Hawaii,Democratic,Native Hawaiian,Male
John Waihe?e,1993,Hawaii,Democratic,Native Hawaiian,Male
John Waihe?e,1994,Hawaii,Democratic,Native Hawaiian,Male
Ben Cayetano,1995,Hawaii,Democratic,Filipino,Male
Ben Cayetano,1996,Hawaii,Democratic,Filipino,Male
Ben Cayetano,1997,Hawaii,Democratic,Filipino,Male
Ben Cayetano,1998,Hawaii,Democratic,Filipino,Male
Ben Cayetano,1999,Hawaii,Democratic,Filipino,Male
Ben Cayetano,2000,Hawaii,Democratic,Filipino,Male
Ben Cayetano,2001,Hawaii,Democratic,Filipino,Male
Ben Cayetano,2002,Hawaii,Democratic,Filipino,Male
Linda Lingle,2003,Hawaii,Republican,White,Female
Linda Lingle,2004,Hawaii,Republican,White,Female
Linda Lingle,2005,Hawaii,Republican,White,Female
Linda Lingle,2006,Hawaii,Republican,White,Female
Linda Lingle,2007,Hawaii,Republican,White,Female
Linda Lingle,2008,Hawaii,Republican,White,Female
Linda Lingle,2009,Hawaii,Republican,White,Female
Linda Lingle,2010,Hawaii,Republican,White,Female
Neil Abercrombie,2011,Hawaii,Democratic,White,Male
Neil Abercrombie,2012,Hawaii,Democratic,White,Male
Neil Abercrombie,2013,Hawaii,Democratic,White,Male
Neil Abercrombie,2014,Hawaii,Democratic,White,Male
David Ige,2014,Hawaii,Democratic,Japanese,Male
David Ige,2015,Hawaii,Democratic,Japanese,Male
David Ige,2016,Hawaii,Democratic,Japanese,Male
David Ige,2017,Hawaii,Democratic,Japanese,Male
David Ige,2018,Hawaii,Democratic,Japanese,Male
David Ige,2019,Hawaii,Democratic,Japanese,Male
David Ige,2020,Hawaii,Democratic,Japanese,Male
David Ige,2021,Hawaii,Democratic,Japanese,Male
David Ige,2022,Hawaii,Democratic,Japanese,Male
Josh Green,2023,Hawaii,Democratic,White,Male
Josh Green,2024,Hawaii,Democratic,White,Male
Cecil Andrus,1990,Idaho,Democratic,White,Male
Cecil Andrus,1991,Idaho,Democratic,White,Male
Cecil Andrus,1992,Idaho,Democratic,White,Male
Cecil Andrus,1993,Idaho,Democratic,White,Male
Cecil Andrus,1994,Idaho,Democratic,White,Male
Phil Batt,1995,Idaho,Republican,White,Male
Phil Batt,1996,Idaho,Republican,White,Male
Phil Batt,1997,Idaho,Republican,White,Male
Phil Batt,1998,Idaho,Republican,White,Male
Dirk Kempthorne,1999,Idaho,Republican,White,Male
Dirk Kempthorne,2000,Idaho,Republican,White,Male
Dirk Kempthorne,2001,Idaho,Republican,White,Male
Dirk Kempthorne,2002,Idaho,Republican,White,Male
Dirk Kempthorne,2003,Idaho,Republican,White,Male
Dirk Kempthorne,2004,Idaho,Republican,White,Male
Dirk Kempthorne,2005,Idaho,Republican,White,Male
Dirk Kempthorne,2006,Idaho,Republican,White,Male
Jim Risch,2006,Idaho,Republican,White,Male
Butch Otter,2007,Idaho,Republican,White,Male
Butch Otter,2008,Idaho,Republican,White,Male
Butch Otter,2009,Idaho,Republican,White,Male
Butch Otter,2010,Idaho,Republican,White,Male
Butch Otter,2011,Idaho,Republican,White,Male
Butch Otter,2012,Idaho,Republican,White,Male
Butch Otter,2013,Idaho,Republican,White,Male
Butch Otter,2014,Idaho,Republican,White,Male
Butch Otter,2015,Idaho,Republican,White,Male
Butch Otter,2016,Idaho,Republican,White,Male
Butch Otter,2017,Idaho,Republican,White,Male
Butch Otter,2018,Idaho,Republican,White,Male
Brad Little,2019,Idaho,Republican,White,Male
Brad Little,2020,Idaho,Republican,White,Male
Brad Little,2021,Idaho,Republican,White,Male
Brad Little,2022,Idaho,Republican,White,Male
Brad Little,2023,Idaho,Republican,White,Male
Brad Little,2024,Idaho,Republican,White,Male
James R. Thompson,1990,Illinois,Republican,White,Male
Jim Edgar,1991,Illinois,Republican,White,Male
Jim Edgar,1992,Illinois,Republican,White,Male
Jim Edgar,1993,Illinois,Republican,White,Male
Jim Edgar,1994,Illinois,Republican,White,Male
Jim Edgar,1995,Illinois,Republican,White,Male
Jim Edgar,1996,Illinois,Republican,White,Male
Jim Edgar,1997,Illinois,Republican,White,Male
Jim Edgar,1998,Illinois,Republican,White,Male
George Ryan,1999,Illinois,Republican,White,Male
George Ryan,2000,Illinois,Republican,White,Male
George Ryan,2001,Illinois,Republican,White,Male
George Ryan,2002,Illinois,Republican,White,Male
Rod Blagojevich,2003,Illinois,Democratic,White,Male
Rod Blagojevich,2004,Illinois,Democratic,White,Male
Rod Blagojevich,2005,Illinois,Democratic,White,Male
Rod Blagojevich,2006,Illinois,Democratic,White,Male
Rod Blagojevich,2007,Illinois,Democratic,White,Male
Rod Blagojevich,2008,Illinois,Democratic,White,Male
Rod Blagojevich,2009,Illinois,Democratic,White,Male
Pat Quinn,2009,Illinois,Democratic,White,Male
Pat Quinn,2010,Illinois,Democratic,White,Male
Pat Quinn,2011,Illinois,Democratic,White,Male
Pat Quinn,2012,Illinois,Democratic,White,Male
Pat Quinn,2013,Illinois,Democratic,White,Male
Pat Quinn,2014,Illinois,Democratic,White,Male
Bruce Rauner,2015,Illinois,Republican,White,Male
Bruce Rauner,2016,Illinois,Republican,White,Male
Bruce Rauner,2017,Illinois,Republican,White,Male
Bruce Rauner,2018,Illinois,Republican,White,Male
J.B. Pritzker,2019,Illinois,Democratic,White,Male
J.B. Pritzker,2020,Illinois,Democratic,White,Male
J.B. Pritzker,2021,Illinois,Democratic,White,Male
J.B. Pritzker,2022,Illinois,Democratic,White,Male
J.B. Pritzker,2023,Illinois,Democratic,White,Male
J.B. Pritzker,2024,Illinois,Democratic,White,Male
Evan Bayh,1990,Indiana,Democratic,White,Male
Evan Bayh,1991,Indiana,Democratic,White,Male
Evan Bayh,1992,Indiana,Democratic,White,Male
Evan Bayh,1993,Indiana,Democratic,White,Male
Evan Bayh,1994,Indiana,Democratic,White,Male
Evan Bayh,1995,Indiana,Democratic,White,Male
Frank O'Bannon,1997,Indiana,Democratic,White,Male
Frank O'Bannon,1998,Indiana,Democratic,White,Male
Frank O'Bannon,1999,Indiana,Democratic,White,Male
Frank O'Bannon,2000,Indiana,Democratic,White,Male
Frank O'Bannon,2001,Indiana,Democratic,White,Male
Frank O'Bannon,2002,Indiana,Democratic,White,Male
Frank O'Bannon,2003,Indiana,Democratic,White,Male
Joe Kernan,2003,Indiana,Democratic,White,Male
Joe Kernan,2004,Indiana,Democratic,White,Male
Mitch Daniels,2005,Indiana,Republican,White,Male
Mitch Daniels,2006,Indiana,Republican,White,Male
Mitch Daniels,2007,Indiana,Republican,White,Male
Mitch Daniels,2008,Indiana,Republican,White,Male
Mitch Daniels,2009,Indiana,Republican,White,Male
Mitch Daniels,2010,Indiana,Republican,White,Male
Mitch Daniels,2011,Indiana,Republican,White,Male
Mitch Daniels,2012,Indiana,Republican,White,Male
Mike Pence,2013,Indiana,Republican,White,Male
Mike Pence,2014,Indiana,Republican,White,Male
Mike Pence,2015,Indiana,Republican,White,Male
Mike Pence,2016,Indiana,Republican,White,Male
Eric Holcomb,2017,Indiana,Republican,White,Male
Eric Holcomb,2018,Indiana,Republican,White,Male
Eric Holcomb,2019,Indiana,Republican,White,Male
Eric Holcomb,2020,Indiana,Republican,White,Male
Eric Holcomb,2021,Indiana,Republican,White,Male
Eric Holcomb,2022,Indiana,Republican,White,Male
Eric Holcomb,2023,Indiana,Republican,White,Male
Eric Holcomb,2024,Indiana,Republican,White,Male
Terry Branstad,1990,Iowa,Republican,White,Male
Terry Branstad,1991,Iowa,Republican,White,Male
Terry Branstad,1992,Iowa,Republican,White,Male
Terry Branstad,1993,Iowa,Republican,White,Male
Terry Branstad,1994,Iowa,Republican,White,Male
Terry Branstad,1995,Iowa,Republican,White,Male
Terry Branstad,1996,Iowa,Republican,White,Male
Terry Branstad,1997,Iowa,Republican,White,Male
Terry Branstad,1998,Iowa,Republican,White,Male
Tom Vilsack,1999,Iowa,Democratic,White,Male
Tom Vilsack,2000,Iowa,Democratic,White,Male
Tom Vilsack,2001,Iowa,Democratic,White,Male
Tom Vilsack,2002,Iowa,Democratic,White,Male
Tom Vilsack,2003,Iowa,Democratic,White,Male
Tom Vilsack,2004,Iowa,Democratic,White,Male
Tom Vilsack,2005,Iowa,Democratic,White,Male
Tom Vilsack,2006,Iowa,Democratic,White,Male
Chet Culver,2007,Iowa,Democratic,White,Male
Chet Culver,2008,Iowa,Democratic,White,Male
Chet Culver,2009,Iowa,Democratic,White,Male
Chet Culver,2010,Iowa,Democratic,White,Male
Terry Branstad,2011,Iowa,Republican,White,Male
Terry Branstad,2012,Iowa,Republican,White,Male
Terry Branstad,2013,Iowa,Republican,White,Male
Terry Branstad,2014,Iowa,Republican,White,Male
Terry Branstad,2015,Iowa,Republican,White,Male
Terry Branstad,2016,Iowa,Republican,White,Male
Kim Reynolds,2017,Iowa,Republican,White,Female
Kim Reynolds,2018,Iowa,Republican,White,Female
Kim Reynolds,2019,Iowa,Republican,White,Female
Kim Reynolds,2020,Iowa,Republican,White,Female
Kim Reynolds,2021,Iowa,Republican,White,Female
Kim Reynolds,2022,Iowa,Republican,White,Female
Kim Reynolds,2023,Iowa,Republican,White,Female
Kim Reynolds,2024,Iowa,Republican,White,Female
Mike Hayden,1990,Kansas,Republican,White,Male
Joan Finney,1991,Kansas,Democratic,White,Female
Joan Finney,1992,Kansas,Democratic,White,Female
Joan Finney,1993,Kansas,Democratic,White,Female
Joan Finney,1994,Kansas,Democratic,White,Female
Bill Graves,1995,Kansas,Republican,White,Male
Bill Graves,1996,Kansas,Republican,White,Male
Bill Graves,1997,Kansas,Republican,White,Male
Bill Graves,1998,Kansas,Republican,White,Male
Bill Graves,1999,Kansas,Republican,White,Male
Bill Graves,2000,Kansas,Republican,White,Male
Bill Graves,2001,Kansas,Republican,White,Male
Bill Graves,2002,Kansas,Republican,White,Male
Kathleen Sebelius,2003,Kansas,Democratic,White,Female
Kathleen Sebelius,2004,Kansas,Democratic,White,Female
Kathleen Sebelius,2005,Kansas,Democratic,White,Female
Kathleen Sebelius,2006,Kansas,Democratic,White,Female
Kathleen Sebelius,2007,Kansas,Democratic,White,Female
Kathleen Sebelius,2008,Kansas,Democratic,White,Female
Mark Parkinson,2009,Kansas,Democratic,White,Male
Mark Parkinson,2010,Kansas,Democratic,White,Male
Sam Brownback,2011,Kansas,Republican,White,Male
Sam Brownback,2012,Kansas,Republican,White,Male
Sam Brownback,2013,Kansas,Republican,White,Male
Sam Brownback,2014,Kansas,Republican,White,Male
Sam Brownback,2015,Kansas,Republican,White,Male
Sam Brownback,2016,Kansas,Republican,White,Male
Sam Brownback,2017,Kansas,Republican,White,Male
Jeff Colyer,2018,Kansas,Republican,White,Male
Laura Kelly,2019,Kansas,Democratic,White,Female
Laura Kelly,2020,Kansas,Democratic,White,Female
Laura Kelly,2021,Kansas,Democratic,White,Female
Laura Kelly,2022,Kansas,Democratic,White,Female
Laura Kelly,2023,Kansas,Democratic,White,Female
Laura Kelly,2024,Kansas,Democratic,White,Female
Wallace Wilkinson,1990,Kentucky,Democratic,White,Male
Brereton Jones,1991,Kentucky,Democratic,White,Male
Brereton Jones,1992,Kentucky,Democratic,White,Male
Brereton Jones,1993,Kentucky,Democratic,White,Male
Brereton Jones,1994,Kentucky,Democratic,White,Male
Paul E. Patton,1995,Kentucky,Democratic,White,Male
Paul E. Patton,1996,Kentucky,Democratic,White,Male
Paul E. Patton,1997,Kentucky,Democratic,White,Male
Paul E. Patton,1998,Kentucky,Democratic,White,Male
Paul E. Patton,1999,Kentucky,Democratic,White,Male
Paul E. Patton,2000,Kentucky,Democratic,White,Male
Paul E. Patton,2001,Kentucky,Democratic,White,Male
Paul E. Patton,2002,Kentucky,Democratic,White,Male
Paul E. Patton,2003,Kentucky,Democratic,White,Male
Ernie Fletcher,2003,Kentucky,Republican,White,Male
Ernie Fletcher,2004,Kentucky,Republican,White,Male
Ernie Fletcher,2005,Kentucky,Republican,White,Male
Ernie Fletcher,2006,Kentucky,Republican,White,Male
Ernie Fletcher,2007,Kentucky,Republican,White,Male
Ernie Fletcher,2008,Kentucky,Republican,White,Male
Steve Beshear,2008,Kentucky,Democratic,White,Male
Steve Beshear,2009,Kentucky,Democratic,White,Male
Steve Beshear,2010,Kentucky,Democratic,White,Male
Steve Beshear,2011,Kentucky,Democratic,White,Male
Steve Beshear,2012,Kentucky,Democratic,White,Male
Steve Beshear,2013,Kentucky,Democratic,White,Male
Steve Beshear,2014,Kentucky,Democratic,White,Male
Steve Beshear,2015,Kentucky,Democratic,White,Male
Matt Bevin,2016,Kentucky,Republican,White,Male
Matt Bevin,2017,Kentucky,Republican,White,Male
Matt Bevin,2018,Kentucky,Republican,White,Male
Matt Bevin,2019,Kentucky,Republican,White,Male
Andy Beshear,2020,Kentucky,Democratic,White,Male
Andy Beshear,2021,Kentucky,Democratic,White,Male
Andy Beshear,2022,Kentucky,Democratic,White,Male
Andy Beshear,2023,Kentucky,Democratic,White,Male
Andy Beshear,2024,Kentucky,Democratic,White,Male
Buddy Roemer,1990,Louisiana,Republican,White,Male
Edwin Edwards,1992,Louisiana,Democratic,White,Male
Edwin Edwards,1993,Louisiana,Democratic,White,Male
Edwin Edwards,1994,Louisiana,Democratic,White,Male
Edwin Edwards,1995,Louisiana,Democratic,White,Male
Mike Foster,1996,Louisiana,Republican,White,Male
Mike Foster,1997,Louisiana,Republican,White,Male
Mike Foster,1998,Louisiana,Republican,White,Male
Mike Foster,1999,Louisiana,Republican,White,Male
Mike Foster,2000,Louisiana,Republican,White,Male
Mike Foster,2001,Louisiana,Republican,White,Male
Mike Foster,2002,Louisiana,Republican,White,Male
Mike Foster,2003,Louisiana,Republican,White,Male
Kathleen Blanco,2004,Louisiana,Democratic,White,Female
Kathleen Blanco,2005,Louisiana,Democratic,White,Female
Kathleen Blanco,2006,Louisiana,Democratic,White,Female
Kathleen Blanco,2007,Louisiana,Democratic,White,Female
Bobby Jindal,2008,Louisiana,Republican,Indian,Male
Bobby Jindal,2009,Louisiana,Republican,Indian,Male
Bobby Jindal,2010,Louisiana,Republican,Indian,Male
Bobby Jindal,2011,Louisiana,Republican,Indian,Male
Bobby Jindal,2012,Louisiana,Republican,Indian,Male
Bobby Jindal,2013,Louisiana,Republican,Indian,Male
Bobby Jindal,2014,Louisiana,Republican,Indian,Male
Bobby Jindal,2015,Louisiana,Republican,Indian,Male
John Bel Edwards,2016,Louisiana,Democratic,White,Male
John Bel Edwards,2017,Louisiana,Democratic,White,Male
John Bel Edwards,2018,Louisiana,Democratic,White,Male
John Bel Edwards,2019,Louisiana,Democratic,White,Male
John Bel Edwards,2020,Louisiana,Democratic,White,Male
John Bel Edwards,2021,Louisiana,Democratic,White,Male
John Bel Edwards,2022,Louisiana,Democratic,White,Male
John Bel Edwards,2023,Louisiana,Democratic,White,Male
John Bel Edwards,2024,Louisiana,Democratic,White,Male
John McKernan,1990,Maine,Republican,White,Male
John McKernan,1991,Maine,Republican,White,Male
John McKernan,1992,Maine,Republican,White,Male
John McKernan,1993,Maine,Republican,White,Male
John McKernan,1994,Maine,Republican,White,Male
Angus King,1995,Maine,Independent,White,Male
Angus King,1996,Maine,Independent,White,Male
Angus King,1997,Maine,Independent,White,Male
Angus King,1998,Maine,Independent,White,Male
Angus King,1999,Maine,Independent,White,Male
Angus King,2000,Maine,Independent,White,Male
Angus King,2001,Maine,Independent,White,Male
Angus King,2002,Maine,Independent,White,Male
John Baldacci,2003,Maine,Democratic,White,Male
John Baldacci,2004,Maine,Democratic,White,Male
John Baldacci,2005,Maine,Democratic,White,Male
John Baldacci,2006,Maine,Democratic,White,Male
John Baldacci,2007,Maine,Democratic,White,Male
John Baldacci,2008,Maine,Democratic,White,Male
John Baldacci,2009,Maine,Democratic,White,Male
John Baldacci,2010,Maine,Democratic,White,Male
Paul LePage,2011,Maine,Republican,White,Male
Paul LePage,2012,Maine,Republican,White,Male
Paul LePage,2013,Maine,Republican,White,Male
Paul LePage,2014,Maine,Republican,White,Male
Paul LePage,2015,Maine,Republican,White,Male
Paul LePage,2016,Maine,Republican,White,Male
Paul LePage,2017,Maine,Republican,White,Male
Paul LePage,2018,Maine,Republican,White,Male
Janet Mills,2019,Maine,Democratic,White,Female
Janet Mills,2020,Maine,Democratic,White,Female
Janet Mills,2021,Maine,Democratic,White,Female
Janet Mills,2022,Maine,Democratic,White,Female
Janet Mills,2023,Maine,Democratic,White,Female
Janet Mills,2024,Maine,Democratic,White,Female
William Donald Schaefer,1990,Maryland,Democratic,White,Male
William Donald Schaefer,1991,Maryland,Democratic,White,Male
William Donald Schaefer,1992,Maryland,Democratic,White,Male
William Donald Schaefer,1993,Maryland,Democratic,White,Male
William Donald Schaefer,1994,Maryland,Democratic,White,Male
Parris Glendening,1995,Maryland,Democratic,White,Male
Parris Glendening,1996,Maryland,Democratic,White,Male
Parris Glendening,1997,Maryland,Democratic,White,Male
Parris Glendening,1998,Maryland,Democratic,White,Male
Parris Glendening,1999,Maryland,Democratic,White,Male
Parris Glendening,2000,Maryland,Democratic,White,Male
Parris Glendening,2001,Maryland,Democratic,White,Male
Parris Glendening,2002,Maryland,Democratic,White,Male
Robert Ehrlich,2003,Maryland,Republican,White,Male
Robert Ehrlich,2004,Maryland,Republican,White,Male
Robert Ehrlich,2005,Maryland,Republican,White,Male
Robert Ehrlich,2006,Maryland,Republican,White,Male
Martin O'Malley,2007,Maryland,Democratic,White,Male
Martin O'Malley,2008,Maryland,Democratic,White,Male
Martin O'Malley,2009,Maryland,Democratic,White,Male
Martin O'Malley,2010,Maryland,Democratic,White,Male
Martin O'Malley,2011,Maryland,Democratic,White,Male
Martin O'Malley,2012,Maryland,Democratic,White,Male
Martin O'Malley,2013,Maryland,Democratic,White,Male
Martin O'Malley,2014,Maryland,Democratic,White,Male
Larry Hogan,2015,Maryland,Republican,White,Male
Larry Hogan,2016,Maryland,Republican,White,Male
Larry Hogan,2017,Maryland,Republican,White,Male
Larry Hogan,2018,Maryland,Republican,White,Male
Larry Hogan,2019,Maryland,Republican,White,Male
Larry Hogan,2020,Maryland,Republican,White,Male
Larry Hogan,2021,Maryland,Republican,White,Male
Larry Hogan,2022,Maryland,Republican,White,Male
Wes Moore,2023,Maryland,Democratic,Black,Male
Wes Moore,2024,Maryland,Democratic,Black,Male
Michael Dukakis,1990,Massachusetts,Democratic,White,Male
William Weld,1991,Massachusetts,Republican,White,Male
William Weld,1992,Massachusetts,Republican,White,Male
William Weld,1993,Massachusetts,Republican,White,Male
William Weld,1994,Massachusetts,Republican,White,Male
William Weld,1995,Massachusetts,Republican,White,Male
William Weld,1996,Massachusetts,Republican,White,Male
William Weld,1997,Massachusetts,Republican,White,Male
Paul Cellucci,1997,Massachusetts,Republican,White,Male
Paul Cellucci,1998,Massachusetts,Republican,White,Male
Paul Cellucci,1999,Massachusetts,Republican,White,Male
Paul Cellucci,2000,Massachusetts,Republican,White,Male
Paul Cellucci,2001,Massachusetts,Republican,White,Male
Jane Swift,2001,Massachusetts,Republican,White,Female
Jane Swift,2002,Massachusetts,Republican,White,Female
Mitt Romney,2003,Massachusetts,Republican,White,Male
Mitt Romney,2004,Massachusetts,Republican,White,Male
Mitt Romney,2005,Massachusetts,Republican,White,Male
Mitt Romney,2006,Massachusetts,Republican,White,Male
Deval Patrick,2007,Massachusetts,Democratic,Black,Male
Deval Patrick,2008,Massachusetts,Democratic,Black,Male
Deval Patrick,2009,Massachusetts,Democratic,Black,Male
Deval Patrick,2010,Massachusetts,Democratic,Black,Male
Deval Patrick,2011,Massachusetts,Democratic,Black,Male
Deval Patrick,2012,Massachusetts,Democratic,Black,Male
Deval Patrick,2013,Massachusetts,Democratic,Black,Male
Deval Patrick,2014,Massachusetts,Democratic,Black,Male
Charlie Baker,2015,Massachusetts,Republican,White,Male
Charlie Baker,2016,Massachusetts,Republican,White,Male
Charlie Baker,2017,Massachusetts,Republican,White,Male
Charlie Baker,2018,Massachusetts,Republican,White,Male
Charlie Baker,2019,Massachusetts,Republican,White,Male
Charlie Baker,2020,Massachusetts,Republican,White,Male
Charlie Baker,2021,Massachusetts,Republican,White,Male
Charlie Baker,2022,Massachusetts,Republican,White,Male
Maura Healey,2023,Massachusetts,Democratic,White,Female
Maura Healey,2024,Massachusetts,Democratic,White,Female
James Blanchard,1990,Michigan,Democratic,White,Male
John Engler,1991,Michigan,Republican,White,Male
John Engler,1992,Michigan,Republican,White,Male
John Engler,1993,Michigan,Republican,White,Male
John Engler,1994,Michigan,Republican,White,Male
John Engler,1995,Michigan,Republican,White,Male
John Engler,1996,Michigan,Republican,White,Male
John Engler,1997,Michigan,Republican,White,Male
John Engler,1998,Michigan,Republican,White,Male
John Engler,1999,Michigan,Republican,White,Male
John Engler,2000,Michigan,Republican,White,Male
John Engler,2001,Michigan,Republican,White,Male
John Engler,2002,Michigan,Republican,White,Male
Jennifer Granholm,2003,Michigan,Democratic,White,Female
Jennifer Granholm,2004,Michigan,Democratic,White,Female
Jennifer Granholm,2005,Michigan,Democratic,White,Female
Jennifer Granholm,2006,Michigan,Democratic,White,Female
Jennifer Granholm,2007,Michigan,Democratic,White,Female
Jennifer Granholm,2008,Michigan,Democratic,White,Female
Jennifer Granholm,2009,Michigan,Democratic,White,Female
Jennifer Granholm,2010,Michigan,Democratic,White,Female
Rick Snyder,2011,Michigan,Republican,White,Male
Rick Snyder,2012,Michigan,Republican,White,Male
Rick Snyder,2013,Michigan,Republican,White,Male
Rick Snyder,2014,Michigan,Republican,White,Male
Rick Snyder,2015,Michigan,Republican,White,Male
Rick Snyder,2016,Michigan,Republican,White,Male
Rick Snyder,2017,Michigan,Republican,White,Male
Rick Snyder,2018,Michigan,Republican,White,Male
Gretchen Whitmer,2019,Michigan,Democratic,White,Female
Gretchen Whitmer,2020,Michigan,Democratic,White,Female
Gretchen Whitmer,2021,Michigan,Democratic,White,Female
Gretchen Whitmer,2022,Michigan,Democratic,White,Female
Gretchen Whitmer,2023,Michigan,Democratic,White,Female
Gretchen Whitmer,2024,Michigan,Democratic,White,Female
Rudy Perpich,1990,Minnesota,Democratic,White,Male
Arne Carlson,1991,Minnesota,Republican,White,Male
Arne Carlson,1992,Minnesota,Republican,White,Male
Arne Carlson,1993,Minnesota,Republican,White,Male
Arne Carlson,1994,Minnesota,Republican,White,Male
Arne Carlson,1995,Minnesota,Republican,White,Male
Arne Carlson,1996,Minnesota,Republican,White,Male
Arne Carlson,1997,Minnesota,Republican,White,Male
Arne Carlson,1998,Minnesota,Republican,White,Male
Jesse Ventura,1999,Minnesota,Reform,White,Male
Jesse Ventura,2000,Minnesota,Reform/Independence,White,Male
Jesse Ventura,2001,Minnesota,Reform/Independence,White,Male
Jesse Ventura,2002,Minnesota,Reform/Independence,White,Male
Tim Pawlenty,2003,Minnesota,Republican,White,Male
Tim Pawlenty,2004,Minnesota,Republican,White,Male
Tim Pawlenty,2005,Minnesota,Republican,White,Male
Tim Pawlenty,2006,Minnesota,Republican,White,Male
Tim Pawlenty,2007,Minnesota,Republican,White,Male
Tim Pawlenty,2008,Minnesota,Republican,White,Male
Tim Pawlenty,2009,Minnesota,Republican,White,Male
Tim Pawlenty,2010,Minnesota,Republican,White,Male
Mark Dayton,2011,Minnesota,Democratic,White,Male
Mark Dayton,2012,Minnesota,Democratic,White,Male
Mark Dayton,2013,Minnesota,Democratic,White,Male
Mark Dayton,2014,Minnesota,Democratic,White,Male
Mark Dayton,2015,Minnesota,Democratic,White,Male
Mark Dayton,2016,Minnesota,Democratic,White,Male
Mark Dayton,2017,Minnesota,Democratic,White,Male
Mark Dayton,2018,Minnesota,Democratic,White,Male
Tim Walz,2019,Minnesota,Democratic,White,Male
Tim Walz,2020,Minnesota,Democratic,White,Male
Tim Walz,2021,Minnesota,Democratic,White,Male
Tim Walz,2022,Minnesota,Democratic,White,Male
Tim Walz,2023,Minnesota,Democratic,White,Male
Tim Walz,2024,Minnesota,Democratic,White,Male
Ray Mabus,1990,Mississippi,Democratic,White,Male
Kirk Fordice,1992,Mississippi,Republican,White,Male
Kirk Fordice,1993,Mississippi,Republican,White,Male
Kirk Fordice,1994,Mississippi,Republican,White,Male
Kirk Fordice,1995,Mississippi,Republican,White,Male
Kirk Fordice,1996,Mississippi,Republican,White,Male
Kirk Fordice,1997,Mississippi,Republican,White,Male
Kirk Fordice,1998,Mississippi,Republican,White,Male
Ronnie Musgrove,1999,Mississippi,Democratic,White,Male
Ronnie Musgrove,2000,Mississippi,Democratic,White,Male
Ronnie Musgrove,2001,Mississippi,Democratic,White,Male
Ronnie Musgrove,2002,Mississippi,Democratic,White,Male
Ronnie Musgrove,2003,Mississippi,Democratic,White,Male
Haley Barbour,2004,Mississippi,Republican,White,Male
Haley Barbour,2005,Mississippi,Republican,White,Male
Haley Barbour,2006,Mississippi,Republican,White,Male
Haley Barbour,2007,Mississippi,Republican,White,Male
Haley Barbour,2008,Mississippi,Republican,White,Male
Haley Barbour,2009,Mississippi,Republican,White,Male
Haley Barbour,2010,Mississippi,Republican,White,Male
Haley Barbour,2011,Mississippi,Republican,White,Male
Phil Bryant,2012,Mississippi,Republican,White,Male
Phil Bryant,2013,Mississippi,Republican,White,Male
Phil Bryant,2014,Mississippi,Republican,White,Male
Phil Bryant,2015,Mississippi,Republican,White,Male
Phil Bryant,2016,Mississippi,Republican,White,Male
Phil Bryant,2017,Mississippi,Republican,White,Male
Phil Bryant,2018,Mississippi,Republican,White,Male
Phil Bryant,2019,Mississippi,Republican,White,Male
Tate Reeves,2020,Mississippi,Republican,White,Male
Tate Reeves,2021,Mississippi,Republican,White,Male
Tate Reeves,2022,Mississippi,Republican,White,Male
Tate Reeves,2023,Mississippi,Republican,White,Male
Tate Reeves,2024,Mississippi,Republican,White,Male
John Ashcroft,1990,Missouri,Republican,White,Male
Mel Carnahan,1993,Missouri,Democratic,White,Male
Mel Carnahan,1994,Missouri,Democratic,White,Male
Mel Carnahan,1995,Missouri,Democratic,White,Male
Mel Carnahan,1996,Missouri,Democratic,White,Male
Mel Carnahan,1997,Missouri,Democratic,White,Male
Mel Carnahan,1998,Missouri,Democratic,White,Male
Mel Carnahan,1999,Missouri,Democratic,White,Male
Roger Wilson,2000,Missouri,Democratic,White,Male
Bob Holden,2001,Missouri,Democratic,White,Male
Bob Holden,2002,Missouri,Democratic,White,Male
Bob Holden,2003,Missouri,Democratic,White,Male
Bob Holden,2004,Missouri,Democratic,White,Male
Matt Blunt,2005,Missouri,Republican,White,Male
Matt Blunt,2006,Missouri,Republican,White,Male
Matt Blunt,2007,Missouri,Republican,White,Male
Matt Blunt,2008,Missouri,Republican,White,Male
Jay Nixon,2009,Missouri,Democratic,White,Male
Jay Nixon,2010,Missouri,Democratic,White,Male
Jay Nixon,2011,Missouri,Democratic,White,Male
Jay Nixon,2012,Missouri,Democratic,White,Male
Jay Nixon,2013,Missouri,Democratic,White,Male
Jay Nixon,2014,Missouri,Democratic,White,Male
Jay Nixon,2015,Missouri,Democratic,White,Male
Jay Nixon,2016,Missouri,Democratic,White,Male
Eric Greitens,2017,Missouri,Republican,White,Male
Mike Parson,2018,Missouri,Republican,White,Male
Mike Parson,2019,Missouri,Republican,White,Male
Mike Parson,2020,Missouri,Republican,White,Male
Mike Parson,2021,Missouri,Republican,White,Male
Mike Parson,2022,Missouri,Republican,White,Male
Mike Parson,2023,Missouri,Republican,White,Male
Mike Parson,2024,Missouri,Republican,White,Male
Stan Stephens,1990,Montana,Republican,White,Male
Stan Stephens,1991,Montana,Republican,White,Male
Stan Stephens,1992,Montana,Republican,White,Male
Marc Racicot,1993,Montana,Republican,White,Male
Marc Racicot,1994,Montana,Republican,White,Male
Marc Racicot,1995,Montana,Republican,White,Male
Marc Racicot,1996,Montana,Republican,White,Male
Marc Racicot,1997,Montana,Republican,White,Male
Marc Racicot,1998,Montana,Republican,White,Male
Marc Racicot,1999,Montana,Republican,White,Male
Marc Racicot,2000,Montana,Republican,White,Male
Judy Martz,2001,Montana,Republican,White,Female
Judy Martz,2002,Montana,Republican,White,Female
Judy Martz,2003,Montana,Republican,White,Female
Judy Martz,2004,Montana,Republican,White,Female
Brian Schweitzer,2005,Montana,Democratic,White,Male
Brian Schweitzer,2006,Montana,Democratic,White,Male
Brian Schweitzer,2007,Montana,Democratic,White,Male
Brian Schweitzer,2008,Montana,Democratic,White,Male
Brian Schweitzer,2009,Montana,Democratic,White,Male
Brian Schweitzer,2010,Montana,Democratic,White,Male
Brian Schweitzer,2011,Montana,Democratic,White,Male
Brian Schweitzer,2012,Montana,Democratic,White,Male
Steve Bullock,2013,Montana,Democratic,White,Male
Steve Bullock,2014,Montana,Democratic,White,Male
Steve Bullock,2015,Montana,Democratic,White,Male
Steve Bullock,2016,Montana,Democratic,White,Male
Steve Bullock,2017,Montana,Democratic,White,Male
Steve Bullock,2018,Montana,Democratic,White,Male
Steve Bullock,2019,Montana,Democratic,White,Male
Steve Bullock,2020,Montana,Democratic,White,Male
Greg Gianforte,2021,Montana,Republican,White,Male
Greg Gianforte,2022,Montana,Republican,White,Male
Greg Gianforte,2023,Montana,Republican,White,Male
Greg Gianforte,2024,Montana,Republican,White,Male
Kay Orr,1990,Nebraska,Republican,White,Female
Ben Nelson,1991,Nebraska,Democratic,White,Male
Ben Nelson,1992,Nebraska,Democratic,White,Male
Ben Nelson,1993,Nebraska,Democratic,White,Male
Ben Nelson,1994,Nebraska,Democratic,White,Male
Ben Nelson,1995,Nebraska,Democratic,White,Male
Ben Nelson,1996,Nebraska,Democratic,White,Male
Ben Nelson,1997,Nebraska,Democratic,White,Male
Ben Nelson,1998,Nebraska,Democratic,White,Male
Mike Johanns,1999,Nebraska,Republican,White,Male
Mike Johanns,2000,Nebraska,Republican,White,Male
Mike Johanns,2001,Nebraska,Republican,White,Male
Mike Johanns,2002,Nebraska,Republican,White,Male
Mike Johanns,2003,Nebraska,Republican,White,Male
Mike Johanns,2004,Nebraska,Republican,White,Male
Dave Heineman,2005,Nebraska,Republican,White,Male
Dave Heineman,2006,Nebraska,Republican,White,Male
Dave Heineman,2007,Nebraska,Republican,White,Male
Dave Heineman,2008,Nebraska,Republican,White,Male
Dave Heineman,2009,Nebraska,Republican,White,Male
Dave Heineman,2010,Nebraska,Republican,White,Male
Dave Heineman,2011,Nebraska,Republican,White,Male
Dave Heineman,2012,Nebraska,Republican,White,Male
Dave Heineman,2013,Nebraska,Republican,White,Male
Dave Heineman,2014,Nebraska,Republican,White,Male
Pete Ricketts,2015,Nebraska,Republican,White,Male
Pete Ricketts,2016,Nebraska,Republican,White,Male
Pete Ricketts,2017,Nebraska,Republican,White,Male
Pete Ricketts,2018,Nebraska,Republican,White,Male
Pete Ricketts,2019,Nebraska,Republican,White,Male
Pete Ricketts,2020,Nebraska,Republican,White,Male
Pete Ricketts,2021,Nebraska,Republican,White,Male
Pete Ricketts,2022,Nebraska,Republican,White,Male
Jim Pillen,2023,Nebraska,Republican,White,Male
Jim Pillen,2024,Nebraska,Republican,White,Male
Bob Miller,1990,Nevada,Democratic,White,Male
Bob Miller,1991,Nevada,Democratic,White,Male
Bob Miller,1992,Nevada,Democratic,White,Male
Bob Miller,1993,Nevada,Democratic,White,Male
Bob Miller,1994,Nevada,Democratic,White,Male
Bob Miller,1995,Nevada,Democratic,White,Male
Bob Miller,1996,Nevada,Democratic,White,Male
Bob Miller,1997,Nevada,Democratic,White,Male
Bob Miller,1998,Nevada,Democratic,White,Male
Kenny Guinn,1999,Nevada,Republican,White,Male
Kenny Guinn,2000,Nevada,Republican,White,Male
Kenny Guinn,2001,Nevada,Republican,White,Male
Kenny Guinn,2002,Nevada,Republican,White,Male
Kenny Guinn,2003,Nevada,Republican,White,Male
Kenny Guinn,2004,Nevada,Republican,White,Male
Kenny Guinn,2005,Nevada,Republican,White,Male
Kenny Guinn,2006,Nevada,Republican,White,Male
Jim Gibbons,2007,Nevada,Republican,White,Male
Jim Gibbons,2008,Nevada,Republican,White,Male
Jim Gibbons,2009,Nevada,Republican,White,Male
Jim Gibbons,2010,Nevada,Republican,White,Male
Brian Sandoval,2011,Nevada,Republican,Hispanic,Male
Brian Sandoval,2012,Nevada,Republican,Hispanic,Male
Brian Sandoval,2013,Nevada,Republican,Hispanic,Male
Brian Sandoval,2014,Nevada,Republican,Hispanic,Male
Brian Sandoval,2015,Nevada,Republican,Hispanic,Male
Brian Sandoval,2016,Nevada,Republican,Hispanic,Male
Brian Sandoval,2017,Nevada,Republican,Hispanic,Male
Brian Sandoval,2018,Nevada,Republican,Hispanic,Male
Steve Sisolak,2019,Nevada,Democratic,White,Male
Steve Sisolak,2020,Nevada,Democratic,White,Male
Steve Sisolak,2021,Nevada,Democratic,White,Male
Steve Sisolak,2022,Nevada,Democratic,White,Male
Joe Lombardo,2023,Nevada,Republican,White,Male
Joe Lombardo,2024,Nevada,Republican,White,Male
Judd Gregg,1990,New Hampshire,Republican,White,Male
Judd Gregg,1991,New Hampshire,Republican,White,Male
Judd Gregg,1992,New Hampshire,Republican,White,Male
Steve Merrill,1993,New Hampshire,Republican,White,Male
Steve Merrill,1994,New Hampshire,Republican,White,Male
Steve Merrill,1995,New Hampshire,Republican,White,Male
Steve Merrill,1996,New Hampshire,Republican,White,Male
Jeanne Shaheen,1997,New Hampshire,Democratic,White,Female
Jeanne Shaheen,1998,New Hampshire,Democratic,White,Female
Jeanne Shaheen,1999,New Hampshire,Democratic,White,Female
Jeanne Shaheen,2000,New Hampshire,Democratic,White,Female
Jeanne Shaheen,2001,New Hampshire,Democratic,White,Female
Craig Benson,2003,New Hampshire,Republican,White,Male
Craig Benson,2004,New Hampshire,Republican,White,Male
John Lynch,2005,New Hampshire,Democratic,White,Male
John Lynch,2006,New Hampshire,Democratic,White,Male
John Lynch,2007,New Hampshire,Democratic,White,Male
John Lynch,2008,New Hampshire,Democratic,White,Male
John Lynch,2009,New Hampshire,Democratic,White,Male
John Lynch,2010,New Hampshire,Democratic,White,Male
John Lynch,2011,New Hampshire,Democratic,White,Male
John Lynch,2012,New Hampshire,Democratic,White,Male
Maggie Hassan,2013,New Hampshire,Democratic,White,Female
Maggie Hassan,2014,New Hampshire,Democratic,White,Female
Maggie Hassan,2015,New Hampshire,Democratic,White,Female
Maggie Hassan,2016,New Hampshire,Democratic,White,Female
Chris Sununu,2017,New Hampshire,Republican,White,Male
Chris Sununu,2018,New Hampshire,Republican,White,Male
Chris Sununu,2019,New Hampshire,Republican,White,Male
Chris Sununu,2020,New Hampshire,Republican,White,Male
Chris Sununu,2021,New Hampshire,Republican,White,Male
Chris Sununu,2022,New Hampshire,Republican,White,Male
Chris Sununu,2023,New Hampshire,Republican,White,Male
Chris Sununu,2024,New Hampshire,Republican,White,Male
James Florio,1990,New Jersey,Democratic,White,Male
James Florio,1991,New Jersey,Democratic,White,Male
James Florio,1992,New Jersey,Democratic,White,Male
James Florio,1993,New Jersey,Democratic,White,Male
Christine Todd Whitman,1994,New Jersey,Republican,White,Female
Christine Todd Whitman,1995,New Jersey,Republican,White,Female
Christine Todd Whitman,1996,New Jersey,Republican,White,Female
Christine Todd Whitman,1997,New Jersey,Republican,White,Female
Christine Todd Whitman,1998,New Jersey,Republican,White,Female
Christine Todd Whitman,1999,New Jersey,Republican,White,Female
Christine Todd Whitman,2000,New Jersey,Republican,White,Female
Donald DiFrancesco,2001,New Jersey,Republican,White,Male
James McGreevey,2002,New Jersey,Democratic,White,Male
James McGreevey,2003,New Jersey,Democratic,White,Male
James McGreevey,2004,New Jersey,Democratic,White,Male
Richard Codey,2005,New Jersey,Democratic,White,Male
Jon Corzine,2006,New Jersey,Democratic,White,Male
Jon Corzine,2007,New Jersey,Democratic,White,Male
Jon Corzine,2008,New Jersey,Democratic,White,Male
Jon Corzine,2009,New Jersey,Democratic,White,Male
Chris Christie,2010,New Jersey,Republican,White,Male
Chris Christie,2011,New Jersey,Republican,White,Male
Chris Christie,2012,New Jersey,Republican,White,Male
Chris Christie,2013,New Jersey,Republican,White,Male
Chris Christie,2014,New Jersey,Republican,White,Male
Chris Christie,2015,New Jersey,Republican,White,Male
Chris Christie,2016,New Jersey,Republican,White,Male
Chris Christie,2017,New Jersey,Republican,White,Male
Phil Murphy,2018,New Jersey,Democratic,White,Male
Phil Murphy,2019,New Jersey,Democratic,White,Male
Phil Murphy,2020,New Jersey,Democratic,White,Male
Phil Murphy,2021,New Jersey,Democratic,White,Male
Phil Murphy,2022,New Jersey,Democratic,White,Male
Phil Murphy,2023,New Jersey,Democratic,White,Male
Phil Murphy,2024,New Jersey,Democratic,White,Male
Garrey Carruthers,1990,New Mexico,Republican,White,Male
Bruce King,1991,New Mexico,Democratic,White,Male
Bruce King,1992,New Mexico,Democratic,White,Male
Bruce King,1993,New Mexico,Democratic,White,Male
Bruce King,1994,New Mexico,Democratic,White,Male
Gary Johnson,1995,New Mexico,Republican,White,Male
Gary Johnson,1996,New Mexico,Republican,White,Male
Gary Johnson,1997,New Mexico,Republican,White,Male
Gary Johnson,1998,New Mexico,Republican,White,Male
Gary Johnson,1999,New Mexico,Republican,White,Male
Gary Johnson,2000,New Mexico,Republican,White,Male
Gary Johnson,2001,New Mexico,Republican,White,Male
Gary Johnson,2002,New Mexico,Republican,White,Male
Bill Richardson,2003,New Mexico,Democratic,Hispanic,Male
Bill Richardson,2004,New Mexico,Democratic,Hispanic,Male
Bill Richardson,2005,New Mexico,Democratic,Hispanic,Male
Bill Richardson,2006,New Mexico,Democratic,Hispanic,Male
Bill Richardson,2007,New Mexico,Democratic,Hispanic,Male
Bill Richardson,2008,New Mexico,Democratic,Hispanic,Male
Bill Richardson,2009,New Mexico,Democratic,Hispanic,Male
Bill Richardson,2010,New Mexico,Democratic,Hispanic,Male
Susana Martinez,2011,New Mexico,Republican,Hispanic,Female
Susana Martinez,2012,New Mexico,Republican,Hispanic,Female
Susana Martinez,2013,New Mexico,Republican,Hispanic,Female
Susana Martinez,2014,New Mexico,Republican,Hispanic,Female
Susana Martinez,2015,New Mexico,Republican,Hispanic,Female
Susana Martinez,2016,New Mexico,Republican,Hispanic,Female
Susana Martinez,2017,New Mexico,Republican,Hispanic,Female
Susana Martinez,2018,New Mexico,Republican,Hispanic,Female
Michelle Lujan Grisham,2019,New Mexico,Democratic,Hispanic,Female
Michelle Lujan Grisham,2020,New Mexico,Democratic,Hispanic,Female
Michelle Lujan Grisham,2021,New Mexico,Democratic,Hispanic,Female
Michelle Lujan Grisham,2022,New Mexico,Democratic,Hispanic,Female
Michelle Lujan Grisham,2023,New Mexico,Democratic,Hispanic,Female
Michelle Lujan Grisham,2024,New Mexico,Democratic,Hispanic,Female
Mario Cuomo,1990,New York,Democratic,White,Male
Mario Cuomo,1991,New York,Democratic,White,Male
Mario Cuomo,1992,New York,Democratic,White,Male
Mario Cuomo,1993,New York,Democratic,White,Male
Mario Cuomo,1994,New York,Democratic,White,Male
George Pataki,1995,New York,Republican,White,Male
George Pataki,1996,New York,Republican,White,Male
George Pataki,1997,New York,Republican,White,Male
George Pataki,1998,New York,Republican,White,Male
George Pataki,1999,New York,Republican,White,Male
George Pataki,2000,New York,Republican,White,Male
George Pataki,2001,New York,Republican,White,Male
George Pataki,2002,New York,Republican,White,Male
George Pataki,2003,New York,Republican,White,Male
George Pataki,2004,New York,Republican,White,Male
George Pataki,2005,New York,Republican,White,Male
George Pataki,2006,New York,Republican,White,Male
Eliot Spitzer,2007,New York,Democratic,White,Male
David Paterson,2008,New York,Democratic,Black,Male
David Paterson,2009,New York,Democratic,Black,Male
David Paterson,2010,New York,Democratic,Black,Male
Andrew Cuomo,2011,New York,Democratic,White,Male
Andrew Cuomo,2012,New York,Democratic,White,Male
Andrew Cuomo,2013,New York,Democratic,White,Male
Andrew Cuomo,2014,New York,Democratic,White,Male
Andrew Cuomo,2015,New York,Democratic,White,Male
Andrew Cuomo,2016,New York,Democratic,White,Male
Andrew Cuomo,2017,New York,Democratic,White,Male
Andrew Cuomo,2018,New York,Democratic,White,Male
Andrew Cuomo,2019,New York,Democratic,White,Male
Andrew Cuomo,2020,New York,Democratic,White,Male
Andrew Cuomo,2021,New York,Democratic,White,Male
Kathy Hochul,2021,New York,Democratic,White,Female
Kathy Hochul,2022,New York,Democratic,White,Female
Kathy Hochul,2023,New York,Democratic,White,Female
Kathy Hochul,2024,New York,Democratic,White,Female
James G. Martin,1990,North Carolina,Republican,White,Male
James G. Martin,1991,North Carolina,Republican,White,Male
James G. Martin,1992,North Carolina,Republican,White,Male
Jim Hunt,1993,North Carolina,Democratic,White,Male
Jim Hunt,1994,North Carolina,Democratic,White,Male
Jim Hunt,1995,North Carolina,Democratic,White,Male
Jim Hunt,1996,North Carolina,Democratic,White,Male
Jim Hunt,1997,North Carolina,Democratic,White,Male
Jim Hunt,1998,North Carolina,Democratic,White,Male
Jim Hunt,1999,North Carolina,Democratic,White,Male
Jim Hunt,2000,North Carolina,Democratic,White,Male
Mike Easley,2001,North Carolina,Democratic,White,Male
Mike Easley,2002,North Carolina,Democratic,White,Male
Mike Easley,2003,North Carolina,Democratic,White,Male
Mike Easley,2004,North Carolina,Democratic,White,Male
Mike Easley,2005,North Carolina,Democratic,White,Male
Mike Easley,2006,North Carolina,Democratic,White,Male
Mike Easley,2007,North Carolina,Democratic,White,Male
Mike Easley,2008,North Carolina,Democratic,White,Male
Bev Perdue,2009,North Carolina,Democratic,White,Female
Bev Perdue,2010,North Carolina,Democratic,White,Female
Bev Perdue,2011,North Carolina,Democratic,White,Female
Bev Perdue,2012,North Carolina,Democratic,White,Female
Pat McCrory,2013,North Carolina,Republican,White,Male
Pat McCrory,2014,North Carolina,Republican,White,Male
Pat McCrory,2015,North Carolina,Republican,White,Male
Pat McCrory,2016,North Carolina,Republican,White,Male
Roy Cooper,2017,North Carolina,Democratic,White,Male
Roy Cooper,2018,North Carolina,Democratic,White,Male
Roy Cooper,2019,North Carolina,Democratic,White,Male
Roy Cooper,2020,North Carolina,Democratic,White,Male
Roy Cooper,2021,North Carolina,Democratic,White,Male
Roy Cooper,2022,North Carolina,Democratic,White,Male
Roy Cooper,2023,North Carolina,Democratic,White,Male
Roy Cooper,2024,North Carolina,Democratic,White,Male
George Sinner,1990,North Dakota,Democratic,White,Male
Ed Schafer,1993,North Dakota,Republican,White,Male
Ed Schafer,1994,North Dakota,Republican,White,Male
Ed Schafer,1995,North Dakota,Republican,White,Male
Ed Schafer,1996,North Dakota,Republican,White,Male
Ed Schafer,1997,North Dakota,Republican,White,Male
Ed Schafer,1998,North Dakota,Republican,White,Male
Ed Schafer,1999,North Dakota,Republican,White,Male
Ed Schafer,2000,North Dakota,Republican,White,Male
John Hoeven,2001,North Dakota,Republican,White,Male
John Hoeven,2002,North Dakota,Republican,White,Male
John Hoeven,2003,North Dakota,Republican,White,Male
John Hoeven,2004,North Dakota,Republican,White,Male
John Hoeven,2005,North Dakota,Republican,White,Male
John Hoeven,2006,North Dakota,Republican,White,Male
John Hoeven,2007,North Dakota,Republican,White,Male
John Hoeven,2008,North Dakota,Republican,White,Male
John Hoeven,2009,North Dakota,Republican,White,Male
John Hoeven,2010,North Dakota,Republican,White,Male
Jack Dalrymple,2011,North Dakota,Republican,White,Male
Jack Dalrymple,2012,North Dakota,Republican,White,Male
Jack Dalrymple,2013,North Dakota,Republican,White,Male
Jack Dalrymple,2014,North Dakota,Republican,White,Male
Jack Dalrymple,2015,North Dakota,Republican,White,Male
Jack Dalrymple,2016,North Dakota,Republican,White,Male
Doug Burgum,2017,North Dakota,Republican,White,Male
Doug Burgum,2018,North Dakota,Republican,White,Male
Doug Burgum,2019,North Dakota,Republican,White,Male
Doug Burgum,2020,North Dakota,Republican,White,Male
Doug Burgum,2021,North Dakota,Republican,White,Male
Doug Burgum,2022,North Dakota,Republican,White,Male
Doug Burgum,2023,North Dakota,Republican,White,Male
Doug Burgum,2024,North Dakota,Republican,White,Male
Richard Celeste,1990,Ohio,Democratic,White,Male
George Voinovich,1991,Ohio,Republican,White,Male
George Voinovich,1992,Ohio,Republican,White,Male
George Voinovich,1993,Ohio,Republican,White,Male
George Voinovich,1994,Ohio,Republican,White,Male
George Voinovich,1995,Ohio,Republican,White,Male
George Voinovich,1996,Ohio,Republican,White,Male
George Voinovich,1997,Ohio,Republican,White,Male
George Voinovich,1998,Ohio,Republican,White,Male
Bob Taft,1999,Ohio,Republican,White,Male
Bob Taft,2000,Ohio,Republican,White,Male
Bob Taft,2001,Ohio,Republican,White,Male
Bob Taft,2002,Ohio,Republican,White,Male
Bob Taft,2003,Ohio,Republican,White,Male
Bob Taft,2004,Ohio,Republican,White,Male
Bob Taft,2005,Ohio,Republican,White,Male
Bob Taft,2006,Ohio,Republican,White,Male
Ted Strickland,2007,Ohio,Democratic,White,Male
Ted Strickland,2008,Ohio,Democratic,White,Male
Ted Strickland,2009,Ohio,Democratic,White,Male
Ted Strickland,2010,Ohio,Democratic,White,Male
John Kasich,2011,Ohio,Republican,White,Male
John Kasich,2012,Ohio,Republican,White,Male
John Kasich,2013,Ohio,Republican,White,Male
John Kasich,2014,Ohio,Republican,White,Male
John Kasich,2015,Ohio,Republican,White,Male
John Kasich,2016,Ohio,Republican,White,Male
John Kasich,2017,Ohio,Republican,White,Male
John Kasich,2018,Ohio,Republican,White,Male
Mike DeWine,2019,Ohio,Republican,White,Male
Mike DeWine,2020,Ohio,Republican,White,Male
Mike DeWine,2021,Ohio,Republican,White,Male
Mike DeWine,2022,Ohio,Republican,White,Male
Mike DeWine,2023,Ohio,Republican,White,Male
Mike DeWine,2024,Ohio,Republican,White,Male
Henry Bellmon,1990,Oklahoma,Republican,White,Male
David Walters,1991,Oklahoma,Democratic,White,Male
David Walters,1992,Oklahoma,Democratic,White,Male
David Walters,1993,Oklahoma,Democratic,White,Male
David Walters,1994,Oklahoma,Democratic,White,Male
Frank Keating,1995,Oklahoma,Republican,White,Male
Frank Keating,1996,Oklahoma,Republican,White,Male
Frank Keating,1997,Oklahoma,Republican,White,Male
Frank Keating,1998,Oklahoma,Republican,White,Male
Frank Keating,1999,Oklahoma,Republican,White,Male
Frank Keating,2000,Oklahoma,Republican,White,Male
Frank Keating,2001,Oklahoma,Republican,White,Male
Frank Keating,2002,Oklahoma,Republican,White,Male
Brad Henry,2003,Oklahoma,Democratic,White,Male
Brad Henry,2004,Oklahoma,Democratic,White,Male
Brad Henry,2005,Oklahoma,Democratic,White,Male
Brad Henry,2006,Oklahoma,Democratic,White,Male
Brad Henry,2007,Oklahoma,Democratic,White,Male
Brad Henry,2008,Oklahoma,Democratic,White,Male
Brad Henry,2009,Oklahoma,Democratic,White,Male
Brad Henry,2010,Oklahoma,Democratic,White,Male
Mary Fallin,2011,Oklahoma,Republican,White,Female
Mary Fallin,2012,Oklahoma,Republican,White,Female
Mary Fallin,2013,Oklahoma,Republican,White,Female
Mary Fallin,2014,Oklahoma,Republican,White,Female
Mary Fallin,2015,Oklahoma,Republican,White,Female
Mary Fallin,2016,Oklahoma,Republican,White,Female
Mary Fallin,2017,Oklahoma,Republican,White,Female
Mary Fallin,2018,Oklahoma,Republican,White,Female
Kevin Stitt,2019,Oklahoma,Republican,White,Male
Kevin Stitt,2020,Oklahoma,Republican,White,Male
Kevin Stitt,2021,Oklahoma,Republican,White,Male
Kevin Stitt,2022,Oklahoma,Republican,White,Male
Kevin Stitt,2023,Oklahoma,Republican,White,Male
Kevin Stitt,2024,Oklahoma,Republican,White,Male
Neil Goldschmidt,1990,Oregon,Democratic,White,Male
Barbara Roberts,1991,Oregon,Democratic,White,Female
Barbara Roberts,1992,Oregon,Democratic,White,Female
Barbara Roberts,1993,Oregon,Democratic,White,Female
Barbara Roberts,1994,Oregon,Democratic,White,Female
John Kitzhaber,1995,Oregon,Democratic,White,Male
John Kitzhaber,1996,Oregon,Democratic,White,Male
John Kitzhaber,1997,Oregon,Democratic,White,Male
John Kitzhaber,1998,Oregon,Democratic,White,Male
John Kitzhaber,1999,Oregon,Democratic,White,Male
John Kitzhaber,2000,Oregon,Democratic,White,Male
John Kitzhaber,2001,Oregon,Democratic,White,Male
John Kitzhaber,2002,Oregon,Democratic,White,Male
Ted Kulongoski,2003,Oregon,Democratic,White,Male
Ted Kulongoski,2004,Oregon,Democratic,White,Male
Ted Kulongoski,2005,Oregon,Democratic,White,Male
Ted Kulongoski,2006,Oregon,Democratic,White,Male
Ted Kulongoski,2007,Oregon,Democratic,White,Male
Ted Kulongoski,2008,Oregon,Democratic,White,Male
Ted Kulongoski,2009,Oregon,Democratic,White,Male
Ted Kulongoski,2010,Oregon,Democratic,White,Male
John Kitzhaber,2011,Oregon,Democratic,White,Male
John Kitzhaber,2012,Oregon,Democratic,White,Male
John Kitzhaber,2013,Oregon,Democratic,White,Male
John Kitzhaber,2014,Oregon,Democratic,White,Male
Kate Brown,2015,Oregon,Democratic,White,Female
Kate Brown,2016,Oregon,Democratic,White,Female
Kate Brown,2017,Oregon,Democratic,White,Female
Kate Brown,2018,Oregon,Democratic,White,Female
Kate Brown,2019,Oregon,Democratic,White,Female
Kate Brown,2020,Oregon,Democratic,White,Female
Kate Brown,2021,Oregon,Democratic,White,Female
Kate Brown,2022,Oregon,Democratic,White,Female
Tina Kotek,2023,Oregon,Democratic,White,Female
Tina Kotek,2024,Oregon,Democratic,White,Female
Robert Casey Sr.,1990,Pennsylvania,Democratic,White,Male
Robert Casey Sr.,1991,Pennsylvania,Democratic,White,Male
Robert Casey Sr.,1992,Pennsylvania,Democratic,White,Male
Robert Casey Sr.,1993,Pennsylvania,Democratic,White,Male
Robert Casey Sr.,1994,Pennsylvania,Democratic,White,Male
Tom Ridge,1995,Pennsylvania,Republican,White,Male
Tom Ridge,1996,Pennsylvania,Republican,White,Male
Tom Ridge,1997,Pennsylvania,Republican,White,Male
Tom Ridge,1998,Pennsylvania,Republican,White,Male
Tom Ridge,1999,Pennsylvania,Republican,White,Male
Tom Ridge,2000,Pennsylvania,Republican,White,Male
Tom Ridge,2001,Pennsylvania,Republican,White,Male
Mark Schweiker,2002,Pennsylvania,Republican,White,Male
Ed Rendell,2003,Pennsylvania,Democratic,White,Male
Ed Rendell,2004,Pennsylvania,Democratic,White,Male
Ed Rendell,2005,Pennsylvania,Democratic,White,Male
Ed Rendell,2006,Pennsylvania,Democratic,White,Male
Ed Rendell,2007,Pennsylvania,Democratic,White,Male
Ed Rendell,2008,Pennsylvania,Democratic,White,Male
Ed Rendell,2009,Pennsylvania,Democratic,White,Male
Ed Rendell,2010,Pennsylvania,Democratic,White,Male
Tom Corbett,2011,Pennsylvania,Republican,White,Male
Tom Corbett,2012,Pennsylvania,Republican,White,Male
Tom Corbett,2013,Pennsylvania,Republican,White,Male
Tom Corbett,2014,Pennsylvania,Republican,White,Male
Tom Wolf,2015,Pennsylvania,Democratic,White,Male
Tom Wolf,2016,Pennsylvania,Democratic,White,Male
Tom Wolf,2017,Pennsylvania,Democratic,White,Male
Tom Wolf,2018,Pennsylvania,Democratic,White,Male
Tom Wolf,2019,Pennsylvania,Democratic,White,Male
Tom Wolf,2020,Pennsylvania,Democratic,White,Male
Tom Wolf,2021,Pennsylvania,Democratic,White,Male
Tom Wolf,2022,Pennsylvania,Democratic,White,Male
Josh Shapiro,2023,Pennsylvania,Democratic,White,Male
Josh Shapiro,2024,Pennsylvania,Democratic,White,Male
Edward D. DiPrete,1990,Rhode Island,Republican,White,Male
Bruce Sundlun,1991,Rhode Island,Democratic,White,Male
Bruce Sundlun,1992,Rhode Island,Democratic,White,Male
Bruce Sundlun,1993,Rhode Island,Democratic,White,Male
Bruce Sundlun,1994,Rhode Island,Democratic,White,Male
Lincoln Almond,1995,Rhode Island,Republican,White,Male
Lincoln Almond,1996,Rhode Island,Republican,White,Male
Lincoln Almond,1997,Rhode Island,Republican,White,Male
Lincoln Almond,1998,Rhode Island,Republican,White,Male
Lincoln Almond,1999,Rhode Island,Republican,White,Male
Lincoln Almond,2000,Rhode Island,Republican,White,Male
Lincoln Almond,2001,Rhode Island,Republican,White,Male
Lincoln Almond,2002,Rhode Island,Republican,White,Male
Donald Carcieri,2003,Rhode Island,Republican,White,Male
Donald Carcieri,2004,Rhode Island,Republican,White,Male
Donald Carcieri,2005,Rhode Island,Republican,White,Male
Donald Carcieri,2006,Rhode Island,Republican,White,Male
Donald Carcieri,2007,Rhode Island,Republican,White,Male
Donald Carcieri,2008,Rhode Island,Republican,White,Male
Donald Carcieri,2009,Rhode Island,Republican,White,Male
Donald Carcieri,2010,Rhode Island,Republican,White,Male
Lincoln Chafee,2011,Rhode Island,Independent,White,Male
Lincoln Chafee,2012,Rhode Island,Independent,White,Male
Lincoln Chafee,2013,Rhode Island,Independent,White,Male
Lincoln Chafee,2014,Rhode Island,Independent,White,Male
Gina Raimondo,2015,Rhode Island,Democratic,White,Female
Gina Raimondo,2016,Rhode Island,Democratic,White,Female
Gina Raimondo,2017,Rhode Island,Democratic,White,Female
Gina Raimondo,2018,Rhode Island,Democratic,White,Female
Gina Raimondo,2019,Rhode Island,Democratic,White,Female
Gina Raimondo,2020,Rhode Island,Democratic,White,Female
Gina Raimondo,2021,Rhode Island,Democratic,White,Female
Daniel McKee,2021,Rhode Island,Democratic,White,Male
Daniel McKee,2022,Rhode Island,Democratic,White,Male
Daniel McKee,2023,Rhode Island,Democratic,White,Male
Daniel McKee,2024,Rhode Island,Democratic,White,Male
Carroll A. Campbell Jr.,1990,South Carolina,Republican,White,Male
Carroll A. Campbell Jr.,1991,South Carolina,Republican,White,Male
Carroll A. Campbell Jr.,1992,South Carolina,Republican,White,Male
Carroll A. Campbell Jr.,1993,South Carolina,Republican,White,Male
Carroll A. Campbell Jr.,1994,South Carolina,Republican,White,Male
David Beasley,1995,South Carolina,Republican,White,Male
David Beasley,1996,South Carolina,Republican,White,Male
David Beasley,1997,South Carolina,Republican,White,Male
David Beasley,1998,South Carolina,Republican,White,Male
Jim Hodges,1999,South Carolina,Democratic,White,Male
Jim Hodges,2000,South Carolina,Democratic,White,Male
Jim Hodges,2001,South Carolina,Democratic,White,Male
Jim Hodges,2002,South Carolina,Democratic,White,Male
Mark Sanford,2003,South Carolina,Republican,White,Male
Mark Sanford,2004,South Carolina,Republican,White,Male
Mark Sanford,2005,South Carolina,Republican,White,Male
Mark Sanford,2006,South Carolina,Republican,White,Male
Mark Sanford,2007,South Carolina,Republican,White,Male
Mark Sanford,2008,South Carolina,Republican,White,Male
Mark Sanford,2009,South Carolina,Republican,White,Male
Mark Sanford,2010,South Carolina,Republican,White,Male
Nikki Haley,2011,South Carolina,Republican,Indian,Female
Nikki Haley,2012,South Carolina,Republican,Indian,Female
Nikki Haley,2013,South Carolina,Republican,Indian,Female
Nikki Haley,2014,South Carolina,Republican,Indian,Female
Nikki Haley,2015,South Carolina,Republican,Indian,Female
Nikki Haley,2016,South Carolina,Republican,Indian,Female
Henry McMaster,2017,South Carolina,Republican,White,Male
Henry McMaster,2018,South Carolina,Republican,White,Male
Henry McMaster,2019,South Carolina,Republican,White,Male
Henry McMaster,2020,South Carolina,Republican,White,Male
Henry McMaster,2021,South Carolina,Republican,White,Male
Henry McMaster,2022,South Carolina,Republican,White,Male
Henry McMaster,2023,South Carolina,Republican,White,Male
Henry McMaster,2024,South Carolina,Republican,White,Male
George S. Mickelson,1990,South Dakota,Republican,White,Male
George S. Mickelson,1991,South Dakota,Republican,White,Male
George S. Mickelson,1992,South Dakota,Republican,White,Male
Walter Dale Miller,1993,South Dakota,Republican,White,Male
Walter Dale Miller,1994,South Dakota,Republican,White,Male
Bill Janklow,1995,South Dakota,Republican,White,Male
Bill Janklow,1996,South Dakota,Republican,White,Male
Bill Janklow,1997,South Dakota,Republican,White,Male
Bill Janklow,1998,South Dakota,Republican,White,Male
Bill Janklow,1999,South Dakota,Republican,White,Male
Bill Janklow,2000,South Dakota,Republican,White,Male
Bill Janklow,2001,South Dakota,Republican,White,Male
Bill Janklow,2002,South Dakota,Republican,White,Male
Mike Rounds,2003,South Dakota,Republican,White,Male
Mike Rounds,2004,South Dakota,Republican,White,Male
Mike Rounds,2005,South Dakota,Republican,White,Male
Mike Rounds,2006,South Dakota,Republican,White,Male
Mike Rounds,2007,South Dakota,Republican,White,Male
Mike Rounds,2008,South Dakota,Republican,White,Male
Mike Rounds,2009,South Dakota,Republican,White,Male
Mike Rounds,2010,South Dakota,Republican,White,Male
Dennis Daugaard,2011,South Dakota,Republican,White,Male
Dennis Daugaard,2012,South Dakota,Republican,White,Male
Dennis Daugaard,2013,South Dakota,Republican,White,Male
Dennis Daugaard,2014,South Dakota,Republican,White,Male
Dennis Daugaard,2015,South Dakota,Republican,White,Male
Dennis Daugaard,2016,South Dakota,Republican,White,Male
Dennis Daugaard,2017,South Dakota,Republican,White,Male
Dennis Daugaard,2018,South Dakota,Republican,White,Male
Kristi Noem,2019,South Dakota,Republican,White,Female
Kristi Noem,2020,South Dakota,,,
Ned McWherter,1990,Tennessee,Democratic,White,Male
Ned McWherter,1991,Tennessee,Democratic,White,Male
Ned McWherter,1992,Tennessee,Democratic,White,Male
Ned McWherter,1993,Tennessee,Democratic,White,Male
Ned McWherter,1994,Tennessee,Democratic,White,Male
Don Sundquist,1995,Tennessee,Republican,White,Male
Don Sundquist,1996,Tennessee,Republican,White,Male
Don Sundquist,1997,Tennessee,Republican,White,Male
Don Sundquist,1998,Tennessee,Republican,White,Male
Don Sundquist,1999,Tennessee,Republican,White,Male
Don Sundquist,2000,Tennessee,Republican,White,Male
Don Sundquist,2001,Tennessee,Republican,White,Male
Don Sundquist,2002,Tennessee,Republican,White,Male
Phil Bredesen,2003,Tennessee,Democratic,White,Male
Phil Bredesen,2004,Tennessee,Democratic,White,Male
Phil Bredesen,2005,Tennessee,Democratic,White,Male
Phil Bredesen,2006,Tennessee,Democratic,White,Male
Phil Bredesen,2007,Tennessee,Democratic,White,Male
Phil Bredesen,2008,Tennessee,Democratic,White,Male
Phil Bredesen,2009,Tennessee,Democratic,White,Male
Phil Bredesen,2010,Tennessee,Democratic,White,Male
Bill Haslam,2011,Tennessee,Republican,White,Male
Bill Haslam,2012,Tennessee,Republican,White,Male
Bill Haslam,2013,Tennessee,Republican,White,Male
Bill Haslam,2014,Tennessee,Republican,White,Male
Bill Haslam,2015,Tennessee,Republican,White,Male
Bill Haslam,2016,Tennessee,Republican,White,Male
Bill Haslam,2017,Tennessee,Republican,White,Male
Bill Haslam,2018,Tennessee,Republican,White,Male
Bill Lee,2019,Tennessee,Republican,White,Male
Bill Lee,2020,Tennessee,Republican,White,Male
Bill Lee,2021,Tennessee,Republican,White,Male
Bill Lee,2022,Tennessee,Republican,White,Male
Bill Lee,2023,Tennessee,Republican,White,Male
Bill Lee,2024,Tennessee,Republican,White,Male
Bill Clements,1990,Texas,Republican,White,Male
Ann Richards,1991,Texas,Democratic,White,Female
Ann Richards,1992,Texas,Democratic,White,Female
Ann Richards,1993,Texas,Democratic,White,Female
Ann Richards,1994,Texas,Democratic,White,Female
George W. Bush,1995,Texas,Republican,White,Male
George W. Bush,1996,Texas,Republican,White,Male
George W. Bush,1997,Texas,Republican,White,Male
George W. Bush,1998,Texas,Republican,White,Male
George W. Bush,1999,Texas,Republican,White,Male
George W. Bush,2000,Texas,Republican,White,Male
Rick Perry,2001,Texas,Republican,White,Male
Rick Perry,2002,Texas,Republican,White,Male
Rick Perry,2003,Texas,Republican,White,Male
Rick Perry,2004,Texas,Republican,White,Male
Rick Perry,2005,Texas,Republican,White,Male
Rick Perry,2006,Texas,Republican,White,Male
Rick Perry,2007,Texas,Republican,White,Male
Rick Perry,2008,Texas,Republican,White,Male
Rick Perry,2009,Texas,Republican,White,Male
Rick Perry,2010,Texas,Republican,White,Male
Rick Perry,2011,Texas,Republican,White,Male
Rick Perry,2012,Texas,Republican,White,Male
Rick Perry,2013,Texas,Republican,White,Male
Rick Perry,2014,Texas,Republican,White,Male
Greg Abbott,2015,Texas,Republican,White,Male
Greg Abbott,2016,Texas,Republican,White,Male
Greg Abbott,2017,Texas,Republican,White,Male
Greg Abbott,2018,Texas,Republican,White,Male
Greg Abbott,2019,Texas,Republican,White,Male
Greg Abbott,2020,Texas,Republican,White,Male
Greg Abbott,2021,Texas,Republican,White,Male
Greg Abbott,2022,Texas,Republican,White,Male
Greg Abbott,2023,Texas,Republican,White,Male
Greg Abbott,2024,Texas,Republican,White,Male
Norman H. Bangerter,1990,Utah,Republican,White,Male
Norman H. Bangerter,1991,Utah,Republican,White,Male
Mike Leavitt,1993,Utah,Republican,White,Male
Mike Leavitt,1994,Utah,Republican,White,Male
Mike Leavitt,1995,Utah,Republican,White,Male
Mike Leavitt,1996,Utah,Republican,White,Male
Mike Leavitt,1997,Utah,Republican,White,Male
Mike Leavitt,1998,Utah,Republican,White,Male
Mike Leavitt,1999,Utah,Republican,White,Male
Mike Leavitt,2000,Utah,Republican,White,Male
Mike Leavitt,2001,Utah,Republican,White,Male
Mike Leavitt,2002,Utah,Republican,White,Male
Mike Leavitt,2003,Utah,Republican,White,Male
Olene Walker,2003,Utah,Republican,White,Female
Olene Walker,2004,Utah,Republican,White,Female
Jon Huntsman Jr.,2005,Utah,Republican,White,Male
Jon Huntsman Jr.,2006,Utah,Republican,White,Male
Jon Huntsman Jr.,2007,Utah,Republican,White,Male
Jon Huntsman Jr.,2008,Utah,Republican,White,Male
Jon Huntsman Jr.,2009,Utah,Republican,White,Male
Gary Herbert,2009,Utah,Republican,White,Male
Gary Herbert,2010,Utah,Republican,White,Male
Gary Herbert,2011,Utah,Republican,White,Male
Gary Herbert,2012,Utah,Republican,White,Male
Gary Herbert,2013,Utah,Republican,White,Male
Gary Herbert,2014,Utah,Republican,White,Male
Gary Herbert,2015,Utah,Republican,White,Male
Gary Herbert,2016,Utah,Republican,White,Male
Gary Herbert,2017,Utah,Republican,White,Male
Gary Herbert,2018,Utah,Republican,White,Male
Gary Herbert,2019,Utah,Republican,White,Male
Gary Herbert,2020,Utah,Republican,White,Male
Spencer Cox,2021,Utah,Republican,White,Male
Spencer Cox,2022,Utah,Republican,White,Male
Spencer Cox,2023,Utah,Republican,White,Male
Spencer Cox,2024,Utah,Republican,White,Male
Madeleine Kunin,1990,Vermont,Democratic,White,Female
Richard A. Snelling,1991,Vermont,Republican,White,Male
Howard Dean,1992,Vermont,Democratic,White,Male
Howard Dean,1993,Vermont,Democratic,White,Male
Howard Dean,1994,Vermont,Democratic,White,Male
Howard Dean,1995,Vermont,Democratic,White,Male
Howard Dean,1996,Vermont,Democratic,White,Male
Howard Dean,1997,Vermont,Democratic,White,Male
Howard Dean,1998,Vermont,Democratic,White,Male
Howard Dean,1999,Vermont,Democratic,White,Male
Howard Dean,2000,Vermont,Democratic,White,Male
Howard Dean,2001,Vermont,Democratic,White,Male
Howard Dean,2002,Vermont,Democratic,White,Male
James Douglas,2003,Vermont,Republican,White,Male
James Douglas,2004,Vermont,Republican,White,Male
James Douglas,2005,Vermont,Republican,White,Male
James Douglas,2006,Vermont,Republican,White,Male
James Douglas,2007,Vermont,Republican,White,Male
James Douglas,2008,Vermont,Republican,White,Male
James Douglas,2009,Vermont,Republican,White,Male
James Douglas,2010,Vermont,Republican,White,Male
Peter Shumlin,2011,Vermont,Democratic,White,Male
Peter Shumlin,2012,Vermont,Democratic,White,Male
Peter Shumlin,2013,Vermont,Democratic,White,Male
Peter Shumlin,2014,Vermont,Democratic,White,Male
Peter Shumlin,2015,Vermont,Democratic,White,Male
Phil Scott,2017,Vermont,Republican,White,Male
Phil Scott,2018,Vermont,Republican,White,Male
Phil Scott,2019,Vermont,Republican,White,Male
Phil Scott,2020,Vermont,Republican,White,Male
Phil Scott,2021,Vermont,Republican,White,Male
Phil Scott,2022,Vermont,Republican,White,Male
Phil Scott,2023,Vermont,Republican,White,Male
Phil Scott,2024,Vermont,Republican,White,Male
Douglas Wilder,1990,Virginia,Democratic,Black,Male
Douglas Wilder,1991,Virginia,Democratic,Black,Male
Douglas Wilder,1992,Virginia,Democratic,Black,Male
Douglas Wilder,1993,Virginia,Democratic,Black,Male
George Allen,1994,Virginia,Republican,White,Male
George Allen,1995,Virginia,Republican,White,Male
George Allen,1996,Virginia,Republican,White,Male
George Allen,1997,Virginia,Republican,White,Male
Jim Gilmore,1998,Virginia,Republican,White,Male
Jim Gilmore,1999,Virginia,Republican,White,Male
Jim Gilmore,2000,Virginia,Republican,White,Male
Jim Gilmore,2001,Virginia,Republican,White,Male
Mark Warner,2002,Virginia,Democratic,White,Male
Mark Warner,2003,Virginia,Democratic,White,Male
Mark Warner,2004,Virginia,Democratic,White,Male
Mark Warner,2005,Virginia,Democratic,White,Male
Tim Kaine,2006,Virginia,Democratic,White,Male
Tim Kaine,2007,Virginia,Democratic,White,Male
Tim Kaine,2008,Virginia,Democratic,White,Male
Tim Kaine,2009,Virginia,Democratic,White,Male
Bob McDonnell,2010,Virginia,Republican,White,Male
Bob McDonnell,2011,Virginia,Republican,White,Male
Bob McDonnell,2012,Virginia,Republican,White,Male
Bob McDonnell,2013,Virginia,Republican,White,Male
Terry McAuliffe,2014,Virginia,Democratic,White,Male
Terry McAuliffe,2015,Virginia,Democratic,White,Male
Terry McAuliffe,2016,Virginia,Democratic,White,Male
Terry McAuliffe,2017,Virginia,Democratic,White,Male
Ralph Northam,2018,Virginia,Democratic,White,Male
Ralph Northam,2019,Virginia,Democratic,White,Male
Ralph Northam,2020,Virginia,Democratic,White,Male
Ralph Northam,2021,Virginia,Democratic,White,Male
Glenn Youngkin,2022,Virginia,Republican,White,Male
Glenn Youngkin,2023,Virginia,Republican,White,Male
Glenn Youngkin,2024,Virginia,Republican,White,Male
Booth Gardner,1990,Washington,Democratic,White,Male
Booth Gardner,1991,Washington,Democratic,White,Male
Booth Gardner,1992,Washington,Democratic,White,Male
Mike Lowry,1993,Washington,Democratic,White,Male
Mike Lowry,1994,Washington,Democratic,White,Male
Mike Lowry,1995,Washington,Democratic,White,Male
Mike Lowry,1996,Washington,Democratic,White,Male
Gary Locke,1997,Washington,Democratic,Asian,Male
Gary Locke,1998,Washington,Democratic,Asian,Male
Gary Locke,1999,Washington,Democratic,Asian,Male
Gary Locke,2000,Washington,Democratic,Asian,Male
Gary Locke,2001,Washington,Democratic,Asian,Male
Gary Locke,2002,Washington,Democratic,Asian,Male
Gary Locke,2003,Washington,Democratic,Asian,Male
Christine Gregoire,2005,Washington,Democratic,White,Female
Christine Gregoire,2006,Washington,Democratic,White,Female
Christine Gregoire,2007,Washington,Democratic,White,Female
Christine Gregoire,2008,Washington,Democratic,White,Female
Christine Gregoire,2009,Washington,Democratic,White,Female
Christine Gregoire,2010,Washington,Democratic,White,Female
Christine Gregoire,2011,Washington,Democratic,White,Female
Christine Gregoire,2012,Washington,Democratic,White,Female
Jay Inslee,2013,Washington,Democratic,White,Male
Jay Inslee,2014,Washington,Democratic,White,Male
Jay Inslee,2015,Washington,Democratic,White,Male
Jay Inslee,2016,Washington,Democratic,White,Male
Jay Inslee,2017,Washington,Democratic,White,Male
Jay Inslee,2018,Washington,Democratic,White,Male
Jay Inslee,2019,Washington,Democratic,White,Male
Jay Inslee,2020,Washington,Democratic,White,Male
Jay Inslee,2021,Washington,Democratic,White,Male
Jay Inslee,2022,Washington,Democratic,White,Male
Jay Inslee,2023,Washington,Democratic,White,Male
Jay Inslee,2024,Washington,Democratic,White,Male
Gaston Caperton,1990,West Virginia,Democratic,White,Male
Gaston Caperton,1991,West Virginia,Democratic,White,Male
Gaston Caperton,1992,West Virginia,Democratic,White,Male
Gaston Caperton,1993,West Virginia,Democratic,White,Male
Gaston Caperton,1994,West Virginia,Democratic,White,Male
Gaston Caperton,1995,West Virginia,Democratic,White,Male
Gaston Caperton,1996,West Virginia,Democratic,White,Male
Cecil H. Underwood,1997,West Virginia,Republican,White,Male
Cecil H. Underwood,1998,West Virginia,Republican,White,Male
Cecil H. Underwood,1999,West Virginia,Republican,White,Male
Cecil H. Underwood,2000,West Virginia,Republican,White,Male
Bob Wise,2001,West Virginia,Democratic,White,Male
Bob Wise,2002,West Virginia,Democratic,White,Male
Bob Wise,2003,West Virginia,Democratic,White,Male
Bob Wise,2004,West Virginia,Democratic,White,Male
Joe Manchin,2005,West Virginia,Democratic,White,Male
Joe Manchin,2006,West Virginia,Democratic,White,Male
Joe Manchin,2007,West Virginia,Democratic,White,Male
Joe Manchin,2008,West Virginia,Democratic,White,Male
Joe Manchin,2009,West Virginia,Democratic,White,Male
Joe Manchin,2010,West Virginia,Democratic,White,Male
Earl Ray Tomblin,2010,West Virginia,Democratic,White,Male
Earl Ray Tomblin,2011,West Virginia,Democratic,White,Male
Earl Ray Tomblin,2012,West Virginia,Democratic,White,Male
Earl Ray Tomblin,2013,West Virginia,Democratic,White,Male
Earl Ray Tomblin,2014,West Virginia,Democratic,White,Male
Earl Ray Tomblin,2015,West Virginia,Democratic,White,Male
Earl Ray Tomblin,2016,West Virginia,Democratic,White,Male
Jim Justice,2017,West Virginia,Republican,White,Male
Jim Justice,2018,West Virginia,Republican,White,Male
Jim Justice,2019,West Virginia,Republican,White,Male
Jim Justice,2020,West Virginia,Republican,White,Male
Jim Justice,2021,West Virginia,Republican,White,Male
Jim Justice,2022,West Virginia,Republican,White,Male
Jim Justice,2023,West Virginia,Republican,White,Male
Jim Justice,2024,West Virginia,Republican,White,Male
Tommy Thompson,1990,Wisconsin,Republican,White,Male
Tommy Thompson,1991,Wisconsin,Republican,White,Male
Tommy Thompson,1992,Wisconsin,Republican,White,Male
Tommy Thompson,1993,Wisconsin,Republican,White,Male
Tommy Thompson,1994,Wisconsin,Republican,White,Male
Tommy Thompson,1995,Wisconsin,Republican,White,Male
Tommy Thompson,1996,Wisconsin,Republican,White,Male
Tommy Thompson,1997,Wisconsin,Republican,White,Male
Tommy Thompson,1998,Wisconsin,Republican,White,Male
Tommy Thompson,1999,Wisconsin,Republican,White,Male
Tommy Thompson,2000,Wisconsin,Republican,White,Male
Tommy Thompson,2001,Wisconsin,Republican,White,Male
Scott McCallum,2001,Wisconsin,Republican,White,Male
Scott McCallum,2002,Wisconsin,Republican,White,Male
Jim Doyle,2003,Wisconsin,Democratic,White,Male
Jim Doyle,2004,Wisconsin,Democratic,White,Male
Jim Doyle,2005,Wisconsin,Democratic,White,Male
Jim Doyle,2006,Wisconsin,Democratic,White,Male
Jim Doyle,2007,Wisconsin,Democratic,White,Male
Jim Doyle,2008,Wisconsin,Democratic,White,Male
Jim Doyle,2009,Wisconsin,Democratic,White,Male
Jim Doyle,2010,Wisconsin,Democratic,White,Male
Scott Walker,2011,Wisconsin,Republican,White,Male
Scott Walker,2012,Wisconsin,Republican,White,Male
Scott Walker,2013,Wisconsin,Republican,White,Male
Scott Walker,2014,Wisconsin,Republican,White,Male
Scott Walker,2015,Wisconsin,Republican,White,Male
Scott Walker,2016,Wisconsin,Republican,White,Male
Scott Walker,2017,Wisconsin,Republican,White,Male
Scott Walker,2018,Wisconsin,Republican,White,Male
Tony Evers,2019,Wisconsin,Democratic,White,Male
Tony Evers,2020,Wisconsin,Democratic,White,Male
Tony Evers,2021,Wisconsin,Democratic,White,Male
Tony Evers,2022,Wisconsin,Democratic,White,Male
Tony Evers,2023,Wisconsin,Democratic,White,Male
Tony Evers,2024,Wisconsin,Democratic,White,Male
Mike Sullivan,1990,Wyoming,Democratic,White,Male
Mike Sullivan,1991,Wyoming,Democratic,White,Male
Mike Sullivan,1992,Wyoming,Democratic,White,Male
Mike Sullivan,1993,Wyoming,Democratic,White,Male
Mike Sullivan,1994,Wyoming,Democratic,White,Male
Jim Geringer,1995,Wyoming,Republican,White,Male
Jim Geringer,1996,Wyoming,Republican,White,Male
Jim Geringer,1997,Wyoming,Republican,White,Male
Jim Geringer,1998,Wyoming,Republican,White,Male
Jim Geringer,1999,Wyoming,Republican,White,Male
Jim Geringer,2000,Wyoming,Republican,White,Male
Jim Geringer,2001,Wyoming,Republican,White,Male
Jim Geringer,2002,Wyoming,Republican,White,Male
Dave Freudenthal,2003,Wyoming,Democratic,White,Male
Dave Freudenthal,2004,Wyoming,Democratic,White,Male
Dave Freudenthal,2005,Wyoming,Democratic,White,Male
Dave Freudenthal,2006,Wyoming,Democratic,White,Male
Dave Freudenthal,2007,Wyoming,Democratic,White,Male
Dave Freudenthal,2008,Wyoming,Democratic,White,Male
Dave Freudenthal,2009,Wyoming,Democratic,White,Male
Dave Freudenthal,2010,Wyoming,Democratic,White,Male
Matt Mead,2011,Wyoming,Republican,White,Male
Matt Mead,2012,Wyoming,Republican,White,Male
Matt Mead,2013,Wyoming,Republican,White,Male
Matt Mead,2014,Wyoming,Republican,White,Male
Matt Mead,2015,Wyoming,Republican,White,Male
Matt Mead,2016,Wyoming,Republican,White,Male
Matt Mead,2017,Wyoming,Republican,White,Male
Matt Mead,2018,Wyoming,Republican,White,Male
Mark Gordon,2019,Wyoming,Republican,White,Male
Mark Gordon,2020,Wyoming,Republican,White,Male
Mark Gordon,2021,Wyoming,Republican,White,Male
Mark Gordon,2022,Wyoming,Republican,White,Male
Mark Gordon,2023,Wyoming,Republican,White,Male
Mark Gordon,2024,Wyoming,Republican,White,Male